Tanggal,PM10,PM2.5,SO2,CO,O3,NO2,HC
2023-01-01,23.04,21.46,23.15,4547.56,23.25,38.96,55.08
2023-01-02,26.85,24.96,22.27,4599.25,23.54,33.19,57.1
2023-01-03,33.1,30.5,24.52,4595.0,22.9,31.23,57.25
2023-01-04,25.56,23.83,23.4,4622.23,23.21,32.44,55.1
2023-01-05,41.23,39.48,22.71,5021.0,22.19,35.08,67.33
2023-01-06,38.04,36.11,19.48,4824.63,23.04,35.74,69.85
2023-01-07,,,,,,,
2023-01-08,,,,,,,
2023-01-09,32.0,29.0,,1452.0,137.0,,
2023-01-10,38.5,36.52,,1380.04,138.4,,89.78
2023-01-11,33.88,31.92,,1289.94,127.46,122.05,
2023-01-12,38.69,35.94,,1341.75,109.25,146.67,83.0
2023-01-13,27.19,25.1,,1173.06,109.94,134.04,98.33
2023-01-14,43.98,41.81,,1269.65,109.31,135.13,91.0
2023-01-15,14.83,13.4,,1199.6,110.33,117.96,98.43
2023-01-16,19.92,18.58,,1234.77,110.02,119.98,88.5
2023-01-17,21.0,19.35,,1215.38,114.83,106.08,97.75
2023-01-18,31.75,29.65,,1329.77,115.75,,94.04
2023-01-19,29.29,27.0,,1362.27,128.12,,70.6
2023-01-20,37.47,35.26,,1498.81,135.66,,70.47
2023-01-21,23.17,21.69,,1295.42,134.15,,72.0
2023-01-22,12.6,11.85,,1248.63,136.5,,74.83
2023-01-23,14.27,13.44,,1335.08,136.29,,78.83
2023-01-24,12.1,11.06,,1281.04,136.98,,75.25
2023-01-25,17.13,15.31,,1290.73,137.35,,78.5
2023-01-26,28.13,25.25,,1334.77,136.98,,77.65
2023-01-27,29.81,26.81,,1364.19,136.94,,80.0
2023-01-28,25.14,22.43,,1512.14,138.0,,77.0
2023-01-29,,,,,,,
2023-01-30,,,,,,,
2023-01-31,,,,,,,
2023-02-01,13.0,11.63,48.94,1330.08,47.88,47.06,55.08
2023-02-02,23.04,21.4,49.08,1378.6,39.69,45.54,57.1
2023-02-03,17.36,15.79,48.86,1279.07,51.05,21.05,57.25
2023-02-04,15.92,14.42,48.27,1242.0,51.52,18.67,55.1
2023-02-05,14.89,12.96,48.23,1185.48,60.04,11.46,67.33
2023-02-06,13.9,12.58,47.65,1103.44,65.15,6.85,69.85
2023-02-07,35.4,32.48,48.35,1251.71,65.06,7.04,
2023-02-08,47.16,43.45,47.94,1232.68,65.55,6.42,
2023-02-09,,,,,,,
2023-02-10,,,,,,,89.78
2023-02-11,,,,,,,
2023-02-12,,,,,,,83.0
2023-02-13,,,,,,,98.33
2023-02-14,,,,,,,91.0
2023-02-15,18.21,16.88,45.21,1291.88,48.21,20.13,98.43
2023-02-16,21.52,18.85,43.73,1297.96,47.71,17.69,88.5
2023-02-17,34.63,31.17,45.54,1227.77,47.96,16.92,97.75
2023-02-18,37.75,34.02,41.21,1159.63,65.81,29.48,94.04
2023-02-19,20.15,18.15,50.92,998.1,59.29,55.63,70.6
2023-02-20,19.04,16.58,46.96,1056.4,65.1,53.46,70.47
2023-02-21,20.0,17.31,41.31,1118.29,76.52,54.65,72.0
2023-02-22,17.29,15.33,41.98,1163.08,76.75,54.56,74.83
2023-02-23,26.35,23.33,41.85,1176.52,76.5,54.77,78.83
2023-02-24,29.8,27.23,47.7,1159.97,62.87,23.6,75.25
2023-02-25,35.06,30.81,48.67,1133.56,55.94,18.63,78.5
2023-02-26,38.35,33.54,49.25,1110.04,56.06,17.71,77.65
2023-02-27,23.06,19.54,48.92,1090.27,55.15,17.25,80.0
2023-02-28,22.29,19.69,48.33,1085.17,58.44,20.58,77.0
2023-03-01,15.92,14.71,45.15,1117.54,62.19,31.0,98.91
2023-03-02,19.0,16.48,45.63,1112.35,60.94,30.1,81.45
2023-03-03,16.96,15.33,46.27,1153.27,62.79,30.21,94.28
2023-03-04,18.04,15.65,45.65,1116.31,62.19,31.81,93.2
2023-03-05,25.13,21.42,45.96,1156.69,63.48,28.83,85.63
2023-03-06,31.42,25.08,45.83,1105.48,62.83,27.98,54.65
2023-03-07,41.27,33.48,46.06,1098.98,61.56,28.88,22.46
2023-03-08,33.85,26.08,45.92,1089.44,61.58,29.29,22.77
2023-03-09,30.93,24.79,42.8,1091.51,59.69,30.8,16.97
2023-03-10,28.27,23.46,38.38,1063.13,53.6,27.73,8.17
2023-03-11,15.0,12.23,38.69,1039.79,53.9,28.13,10.02
2023-03-12,16.73,13.19,38.31,1052.06,54.25,27.56,8.0
2023-03-13,22.27,16.27,38.6,995.94,55.69,26.96,9.63
2023-03-14,30.85,24.44,43.56,989.4,49.58,24.98,6.28
2023-03-15,32.13,24.6,46.1,969.31,42.1,25.04,4.13
2023-03-16,44.98,35.42,53.52,882.98,35.02,11.17,5.4
2023-03-17,29.58,22.67,53.58,863.98,31.92,12.08,6.23
2023-03-18,27.23,21.08,53.6,871.88,32.17,11.92,5.19
2023-03-19,32.48,25.58,53.71,914.46,34.56,14.42,8.51
2023-03-20,32.69,24.73,48.0,793.44,44.56,49.71,5.23
2023-03-21,17.77,13.4,47.77,897.04,45.73,50.71,4.23
2023-03-22,44.24,34.91,49.04,1031.69,43.49,49.73,8.58
2023-03-23,42.88,31.96,45.52,375.94,44.19,25.73,8.55
2023-03-24,27.29,17.92,43.6,276.21,47.58,10.71,15.88
2023-03-25,22.54,13.44,43.13,333.54,47.79,11.27,23.27
2023-03-26,23.94,16.77,43.25,494.31,47.67,12.27,21.54
2023-03-27,26.0,18.44,43.58,482.33,47.54,12.13,24.25
2023-03-28,31.56,21.75,44.46,587.04,47.81,11.54,24.0
2023-03-29,40.33,29.21,44.25,629.92,47.29,12.46,23.1
2023-03-30,32.85,21.9,44.73,655.79,47.63,12.19,27.33
2023-03-31,49.96,31.1,45.88,846.02,47.25,12.1,22.35
2023-04-01,68.58,43.65,47.08,958.65,47.35,12.23,18.6
2023-04-02,29.69,19.29,47.35,941.4,46.81,14.27,9.45
2023-04-03,22.9,17.54,47.4,818.06,53.0,13.23,10.94
2023-04-04,33.63,26.13,47.77,848.56,54.79,11.29,7.85
2023-04-05,29.56,22.42,47.69,777.65,56.4,11.25,12.56
2023-04-06,34.9,26.19,47.15,757.98,56.1,11.06,12.9
2023-04-07,19.88,22.29,46.98,723.96,57.54,11.02,19.62
2023-04-08,9.0,16.44,53.02,639.19,66.79,12.9,23.54
2023-04-09,2.44,17.65,52.94,639.98,70.67,13.5,28.52
2023-04-10,1.0,20.02,52.75,623.96,70.52,15.06,29.06
2023-04-11,3.94,40.46,48.54,828.6,64.21,22.1,31.19
2023-04-12,2.25,47.75,45.77,821.6,61.5,25.1,28.46
2023-04-13,1.56,31.68,38.7,759.04,71.26,31.11,32.65
2023-04-14,3.11,47.92,46.88,717.79,56.63,21.79,34.41
2023-04-15,1.83,51.23,49.23,771.79,57.66,24.96,37.6
2023-04-16,1.5,32.31,48.15,655.58,41.85,13.13,40.08
2023-04-17,1.8,23.77,48.19,662.35,41.69,11.88,36.98
2023-04-18,2.0,33.44,43.56,653.1,51.21,13.83,40.33
2023-04-19,1.0,39.73,37.9,748.9,63.81,61.19,41.73
2023-04-20,,9.63,37.13,702.77,64.6,68.04,41.5
2023-04-21,,16.23,37.4,774.13,63.58,68.52,43.46
2023-04-22,,20.9,46.71,673.42,52.67,28.15,43.53
2023-04-23,,5.02,44.54,663.69,58.75,10.04,46.21
2023-04-24,3.25,10.64,42.27,705.59,63.14,27.3,45.55
2023-04-25,6.5,15.87,48.54,671.35,46.65,25.06,36.0
2023-04-26,8.0,23.93,47.85,762.41,52.19,23.41,53.12
2023-04-27,,,,,,,
2023-04-28,,,,,,,
2023-04-29,,,,,,,
2023-04-30,,,,,,,
2023-05-01,,,,,,,
2023-05-02,,,,,,,
2023-05-03,,,,,,,
2023-05-04,,,,,,,
2023-05-05,,,,,,,
2023-05-06,,,,,,,
2023-05-07,,,,,,,
2023-05-08,,23.0,39.5,420.27,50.5,10.36,37.44
2023-05-09,,32.0,41.94,335.48,51.29,15.33,19.0
2023-05-10,1.0,26.0,43.79,226.94,55.75,32.77,25.5
2023-05-11,8.0,16.0,40.56,254.94,54.19,34.25,32.82
2023-05-12,,18.0,40.43,366.24,56.55,45.98,31.5
2023-05-13,1.0,18.0,41.21,333.58,56.27,44.6,35.17
2023-05-14,1.0,20.0,41.13,363.44,54.79,45.58,34.21
2023-05-15,2.0,32.0,41.04,471.19,55.23,37.15,38.57
2023-05-16,1.0,25.0,41.79,500.63,54.35,34.54,38.9
2023-05-17,1.0,26.0,40.13,546.38,59.04,32.85,40.63
2023-05-18,,21.0,33.23,595.21,77.63,22.21,45.89
2023-05-19,1.0,21.0,34.94,622.79,72.9,28.23,47.62
2023-05-20,1.0,13.0,49.29,622.58,62.0,19.29,45.92
2023-05-21,,14.0,49.0,673.19,62.94,18.73,50.33
2023-05-22,1.0,30.0,47.33,695.04,59.85,23.63,46.34
2023-05-23,,14.0,46.77,650.02,55.96,37.44,50.31
2023-05-24,,31.0,46.17,742.98,55.19,39.13,46.52
2023-05-25,,29.0,45.27,575.25,54.9,40.44,46.08
2023-05-26,,32.0,37.32,700.38,70.6,16.74,46.96
2023-05-27,3.0,19.0,40.95,639.55,56.68,29.1,51.11
2023-05-28,,19.0,39.91,631.46,61.65,23.26,48.2
2023-05-29,,13.0,40.04,605.94,50.08,5.23,47.25
2023-05-30,,14.0,39.69,591.83,50.6,5.0,47.02
2023-05-31,4.0,28.0,41.35,686.79,48.73,7.54,45.7
2023-06-01,,9.02,51.98,642.02,32.77,36.06,52.35
2023-06-02,,21.1,53.33,673.06,33.85,31.92,49.31
2023-06-03,,32.95,53.27,688.52,34.56,28.5,47.98
2023-06-04,,23.83,43.35,712.4,49.88,38.08,51.3
2023-06-05,,16.48,40.29,706.77,58.19,39.83,49.42
2023-06-06,,24.35,40.88,692.23,58.04,39.94,48.44
2023-06-07,,10.08,39.5,697.38,55.02,28.5,51.4
2023-06-08,,23.67,44.58,706.98,51.29,36.73,50.21
2023-06-09,1.0,24.08,48.56,713.46,52.31,51.27,49.73
2023-06-10,4.0,22.87,45.3,788.85,47.93,41.83,61.08
2023-06-11,,27.31,39.52,844.63,48.44,35.54,50.17
2023-06-12,1.75,11.87,39.91,745.3,58.83,33.72,59.34
2023-06-13,5.0,26.77,34.91,775.95,70.82,51.68,91.11
2023-06-14,,,,,,,
2023-06-15,1.0,41.04,36.28,532.2,67.68,34.16,52.26
2023-06-16,1.0,35.13,39.17,474.4,66.09,29.28,9.33
2023-06-17,1.0,57.58,43.65,476.65,61.69,30.06,3.56
2023-06-18,,105.78,44.78,591.0,62.0,46.22,2.0
2023-06-19,,,,,,,
2023-06-20,1.0,61.9,42.0,401.8,36.3,26.8,24.43
2023-06-21,,33.85,41.63,424.5,36.13,25.31,21.15
2023-06-22,1.0,27.15,42.5,433.25,37.67,24.75,15.17
2023-06-23,,29.83,42.9,472.92,40.56,25.19,12.65
2023-06-24,,27.81,42.92,500.44,40.29,25.54,14.54
2023-06-25,,16.5,41.21,517.54,39.98,22.4,28.81
2023-06-26,,23.02,41.33,537.73,39.83,22.71,26.92
2023-06-27,1.0,13.88,41.25,515.5,39.94,21.96,31.73
2023-06-28,,21.31,41.29,550.0,39.85,22.13,32.94
2023-06-29,,18.46,40.88,502.48,39.71,22.85,29.69
2023-06-30,,10.24,40.98,515.61,39.73,22.95,32.05
2023-07-01,,,,,,,
2023-07-02,,,,,,,
2023-07-03,,,,,,,
2023-07-04,,,,,,,
2023-07-05,,,,,,,
2023-07-06,,,,,,,
2023-07-07,,,,,,,
2023-07-08,,,,,,,
2023-07-09,,,,,,,
2023-07-10,1.0,10.3,40.85,396.67,41.0,48.33,37.96
2023-07-11,1.0,10.52,41.6,361.46,41.0,48.06,11.31
2023-07-12,,20.52,41.65,376.98,41.0,48.25,15.67
2023-07-13,,38.06,41.79,388.6,41.06,48.63,16.15
2023-07-14,1.0,22.33,41.96,414.88,41.75,48.65,19.79
2023-07-15,,44.33,41.98,446.54,41.71,48.63,18.46
2023-07-16,,35.5,41.71,408.73,41.6,48.83,15.75
2023-07-17,1.0,26.5,41.94,363.88,41.69,48.81,17.56
2023-07-18,,32.77,42.27,376.6,41.98,43.4,22.21
2023-07-19,,27.11,45.6,412.02,55.53,40.26,22.96
2023-07-20,,16.21,46.1,394.6,56.0,39.96,24.6
2023-07-21,,24.71,45.75,410.75,54.94,40.6,20.04
2023-07-22,1.0,37.1,47.58,377.48,61.63,25.31,19.91
2023-07-23,,12.44,46.23,411.08,57.77,28.35,27.98
2023-07-24,,12.02,43.42,368.33,61.13,34.06,26.5
2023-07-25,2.0,28.81,44.42,345.1,51.67,50.58,51.24
2023-07-26,,28.71,45.17,261.25,50.48,57.9,24.38
2023-07-27,,33.0,45.42,273.85,51.17,57.69,26.46
2023-07-28,,50.13,45.67,283.46,51.46,57.98,25.81
2023-07-29,,43.08,45.42,279.27,51.5,57.48,27.21
2023-07-30,,34.35,45.46,286.63,51.54,57.27,28.92
2023-07-31,,26.17,46.27,341.29,53.35,56.79,34.81
2023-08-01,,36.0,46.69,400.92,53.77,56.81,35.79
2023-08-02,1.0,28.42,45.65,428.06,49.27,51.06,32.83
2023-08-03,,15.75,43.44,278.31,35.4,32.15,28.63
2023-08-04,,15.88,41.48,295.46,34.33,33.77,19.71
2023-08-05,,25.6,41.6,233.6,34.98,32.73,21.63
2023-08-06,1.0,36.31,42.58,276.4,36.73,30.04,21.19
2023-08-07,1.0,48.52,44.33,259.81,39.69,27.27,19.23
2023-08-08,,28.21,45.1,238.65,40.29,25.94,22.15
2023-08-09,,23.94,45.33,400.29,45.08,31.98,26.27
2023-08-10,,45.38,42.44,469.67,50.35,42.42,20.54
2023-08-11,44.92,31.31,32.5,2357.71,43.0,34.42,29.79
2023-08-12,30.33,29.1,16.81,3368.46,11.96,22.69,43.42
2023-08-13,46.69,45.5,50.23,730.5,37.44,23.27,47.69
2023-08-14,30.67,28.88,47.71,651.69,43.48,28.21,49.83
2023-08-15,28.83,28.19,41.31,672.79,52.05,36.05,43.86
2023-08-16,29.48,28.46,36.0,613.1,63.42,44.79,46.35
2023-08-17,32.52,32.48,40.38,695.94,59.46,49.23,50.71
2023-08-18,35.38,35.13,44.1,649.65,56.25,44.15,50.5
2023-08-19,26.67,24.85,45.02,619.96,55.98,44.44,52.27
2023-08-20,22.42,21.35,45.04,657.77,53.65,44.88,53.9
2023-08-21,17.48,16.38,46.42,700.75,54.58,39.04,53.29
2023-08-22,41.33,40.15,46.88,706.44,46.73,39.1,54.92
2023-08-23,37.02,35.67,47.42,608.31,44.88,37.79,54.29
2023-08-24,29.67,29.06,44.73,619.54,53.42,58.21,54.02
2023-08-25,32.69,31.4,43.33,626.79,57.65,65.15,54.79
2023-08-26,29.1,27.51,44.23,637.18,58.95,49.23,50.71
2023-08-27,28.52,27.23,44.92,572.46,56.48,21.94,53.29
2023-08-28,19.13,17.65,45.35,533.63,56.48,21.85,55.31
2023-08-29,17.19,15.98,45.92,607.08,56.56,21.56,55.75
2023-08-30,25.62,24.51,45.06,648.64,46.4,47.02,56.85
2023-08-31,49.69,47.38,43.92,658.06,43.69,57.06,55.33
2023-09-01,55.13,52.79,43.67,644.1,43.6,56.69,52.94
2023-09-02,79.73,78.98,44.6,636.63,43.42,56.75,52.29
2023-09-03,56.81,54.98,43.38,630.65,52.5,31.19,51.77
2023-09-04,63.85,61.77,43.79,689.65,57.42,22.54,54.23
2023-09-05,52.81,51.6,43.75,678.13,57.35,22.9,53.77
2023-09-06,40.51,39.98,44.02,745.5,51.23,51.79,56.04
2023-09-07,33.56,33.04,47.04,749.56,37.42,72.96,57.04
2023-09-08,37.78,35.93,45.02,835.39,35.8,75.13,53.38
2023-09-09,22.34,21.57,47.13,691.96,42.15,56.77,45.36
2023-09-10,29.17,27.04,46.29,661.15,42.08,57.35,56.29
2023-09-11,32.06,30.6,47.17,662.67,41.94,56.77,57.17
2023-09-12,45.29,44.1,46.94,616.35,41.46,55.88,55.38
2023-09-13,32.52,30.96,47.08,585.71,41.25,55.17,55.33
2023-09-14,40.44,38.77,47.94,559.9,46.1,55.38,54.04
2023-09-15,44.5,42.46,48.54,552.89,46.67,60.65,48.87
2023-09-16,37.35,35.73,47.69,579.73,44.75,73.85,54.77
2023-09-17,52.31,50.48,47.52,571.52,44.85,74.06,55.17
2023-09-18,40.04,38.33,47.77,585.85,47.04,75.79,55.31
2023-09-19,50.85,49.42,47.85,602.38,47.23,76.5,55.67
2023-09-20,24.88,23.77,48.1,601.9,46.69,75.04,55.58
2023-09-21,21.15,20.38,48.62,612.31,51.77,77.0,59.15
2023-09-22,,,,,,,
2023-09-23,14.61,29.56,45.72,633.56,49.5,16.81,53.56
2023-09-24,10.13,23.9,45.65,588.25,55.25,15.13,57.02
2023-09-25,8.72,38.42,45.69,615.06,53.48,17.13,55.69
2023-09-26,20.12,57.0,45.06,584.58,53.44,16.9,55.4
2023-09-27,15.66,48.38,45.91,580.33,52.96,16.94,55.4
2023-09-28,31.2,75.48,45.63,595.0,52.85,16.4,55.83
2023-09-29,22.74,81.54,45.29,583.33,52.52,17.02,55.4
2023-09-30,13.14,112.15,44.44,600.25,55.63,16.19,56.44
2023-10-01,7.21,102.33,44.19,606.19,58.95,14.9,56.81
2023-10-02,39.03,66.0,39.39,656.45,54.29,75.68,43.17
2023-10-03,57.79,61.25,35.81,816.15,63.49,61.89,57.28
2023-10-04,88.42,81.48,32.0,785.46,74.6,44.69,66.0
2023-10-05,63.83,54.79,36.88,825.5,58.15,35.1,65.98
2023-10-06,61.38,50.44,43.44,832.38,43.52,34.98,66.0
2023-10-07,78.23,55.21,45.19,783.27,44.54,32.73,66.0
2023-10-08,112.1,93.42,43.6,1043.19,44.79,38.06,66.0
2023-10-09,41.44,33.81,45.67,703.06,45.75,33.9,66.0
2023-10-10,40.5,33.67,46.29,757.46,46.42,32.08,66.0
2023-10-11,56.5,40.69,46.0,804.88,45.98,31.21,66.0
2023-10-12,49.79,41.83,45.81,783.04,45.13,31.33,66.0
2023-10-13,62.33,53.31,45.33,875.58,45.08,31.85,66.0
2023-10-14,75.63,69.06,44.4,960.38,44.73,30.96,66.0
2023-10-15,62.63,52.85,44.13,854.0,46.98,31.25,66.0
2023-10-16,60.9,56.83,45.81,929.63,47.1,33.15,66.0
2023-10-17,101.87,71.38,44.63,950.6,45.02,34.42,66.0
2023-10-18,81.73,72.04,45.04,855.71,47.04,33.44,66.0
2023-10-19,50.19,48.23,46.58,799.5,49.04,34.42,66.0
2023-10-20,21.54,19.33,47.0,776.94,48.77,32.29,
2023-10-21,35.79,30.79,46.1,806.46,46.77,32.1,
2023-10-22,23.69,21.5,46.48,810.5,48.9,31.92,66.0
2023-10-23,30.25,22.98,46.25,741.15,47.58,31.94,
2023-10-24,19.02,15.29,31.44,920.83,49.07,35.33,24.58
2023-10-25,23.35,20.63,10.94,1362.48,,63.69,1.94
2023-10-26,16.54,13.69,14.0,1236.19,,63.56,1.98
2023-10-27,43.21,36.54,15.4,1467.63,86.68,84.92,2.0
2023-10-28,81.6,72.72,18.83,1352.69,72.56,90.42,2.0
2023-10-29,26.23,20.4,15.5,1305.17,83.31,84.25,2.0
2023-10-30,48.63,40.83,13.9,1420.54,85.77,85.63,2.0
2023-10-31,47.35,37.63,13.5,1306.94,82.02,86.69,2.0
2023-11-01,46.98,40.31,78.52,1326.08,88.04,11.75,2.0
2023-11-02,32.69,27.35,71.29,1239.23,88.54,11.02,2.0
2023-11-03,51.29,41.81,60.88,1293.46,93.38,9.83,2.0
2023-11-04,41.63,33.73,55.96,1239.13,100.88,14.52,2.0
2023-11-05,23.58,19.92,58.35,1271.88,94.54,9.23,1.98
2023-11-06,18.67,16.04,50.4,1213.85,94.67,7.52,2.0
2023-11-07,18.75,21.08,64.33,1269.35,89.44,7.94,2.0
2023-11-08,17.44,20.54,81.35,1456.4,86.54,10.85,2.0
2023-11-09,22.55,22.21,72.33,1209.67,87.21,11.08,2.0
2023-11-10,23.79,24.0,69.98,1327.4,85.21,10.5,1.98
2023-11-11,26.43,25.65,68.5,1371.0,88.27,12.79,2.0
2023-11-12,21.76,25.46,54.27,1215.83,97.46,12.94,2.0
2023-11-13,12.56,20.35,49.65,1202.13,93.15,7.06,2.0
2023-11-14,7.57,13.69,75.06,1270.31,70.88,6.48,1.94
2023-11-15,13.2,25.42,62.98,1301.98,89.08,9.0,2.0
2023-11-16,18.97,26.08,48.94,1219.81,99.81,10.15,2.0
2023-11-17,4.59,11.83,39.04,1200.71,88.19,7.02,2.0
2023-11-18,11.42,28.1,54.21,1295.85,82.6,6.27,2.0
2023-11-19,9.95,23.1,73.33,1399.54,80.85,15.02,2.0
2023-11-20,12.86,15.23,70.04,1264.27,80.65,8.69,2.0
2023-11-21,7.85,15.95,52.25,1215.04,90.58,8.13,2.0
2023-11-22,22.1,20.86,53.08,1202.48,90.06,7.52,2.0
2023-11-23,32.46,39.4,60.77,1263.85,81.25,11.21,2.0
2023-11-24,24.2,27.74,53.51,1196.15,86.89,8.44,1.83
2023-11-25,17.96,15.96,120.33,1104.07,155.0,28.32,1.04
2023-11-26,15.5,12.21,38.0,1128.06,191.44,25.13,1.0
2023-11-27,15.63,12.42,27.85,1129.17,170.96,1.6,1.0
2023-11-28,36.4,33.27,35.04,1109.0,173.02,6.97,1.0
2023-11-29,28.88,26.1,36.35,1141.15,179.63,3.72,1.0
2023-11-30,17.17,15.06,37.56,1067.52,170.44,4.86,1.0
2023-12-01,26.29,23.4,40.9,1067.65,182.56,3.65,1.0
2023-12-02,26.46,22.94,34.77,1062.08,173.71,3.36,1.0
2023-12-03,20.73,18.19,38.17,1024.81,183.81,2.14,1.0
2023-12-04,11.71,9.58,32.1,1033.63,176.73,1.97,1.0
2023-12-05,20.81,15.75,39.69,1069.29,178.96,3.3,1.0
2023-12-06,17.25,14.7,31.1,1052.52,169.02,2.7,1.0
2023-12-07,32.15,26.4,38.29,1112.04,173.67,6.7,1.0
2023-12-08,27.63,22.46,42.52,1115.75,176.19,3.42,1.0
2023-12-09,29.25,20.44,48.67,1107.92,178.68,6.7,1.0
2023-12-10,26.06,19.54,41.81,1073.48,183.6,5.05,1.0
2023-12-11,20.02,16.69,50.48,1030.08,179.58,3.85,1.0
2023-12-12,9.72,8.02,48.35,1007.42,176.16,3.68,1.0
2023-12-13,20.23,17.42,43.79,1054.21,179.0,3.31,1.0
2023-12-14,22.88,17.71,40.67,1128.46,176.4,3.51,1.0
2023-12-15,24.35,20.3,45.94,1107.38,178.43,4.33,1.0
2023-12-16,15.96,13.19,34.56,1025.4,181.6,3.52,1.0
2023-12-17,25.52,19.29,49.21,1144.0,177.03,6.0,1.0
2023-12-18,17.5,13.88,34.79,1097.67,168.46,3.89,1.0
2023-12-19,16.1,13.73,29.17,1085.98,165.63,3.73,1.0
2023-12-20,26.83,21.38,37.38,1105.38,168.87,4.09,1.0
2023-12-21,15.44,12.23,38.9,1075.58,172.79,3.74,1.0
2023-12-22,24.29,20.68,35.73,1080.35,168.96,3.59,1.0
2023-12-23,18.23,16.31,30.63,1090.04,167.06,3.13,1.0
2023-12-24,19.4,17.78,39.6,1081.77,185.98,5.68,1.0
2023-12-25,18.04,16.5,25.4,1042.19,176.4,4.03,1.0
2023-12-26,8.25,6.94,42.0,1706.64,177.17,36.18,1.0
2023-12-27,11.13,9.6,46.29,971.88,182.84,42.75,1.0
2023-12-28,14.4,9.21,53.35,1135.06,168.84,55.57,1.0
2023-12-29,19.19,18.23,51.79,1568.14,195.03,57.07,1.0
2023-12-30,15.13,12.8,57.94,1253.5,210.36,86.9,1.0
2023-12-31,19.71,18.75,61.88,1614.28,214.33,50.09,1.0
2024-01-01,13.04,29.33,25.9,3763.83,215.74,64.56,1.0
2024-01-02,15.52,25.13,24.71,2811.53,207.59,61.08,1.0
2024-01-03,16.04,38.67,24.79,3060.5,205.54,74.4,1.0
2024-01-04,19.69,38.32,25.21,3675.08,200.89,57.94,1.0
2024-01-05,20.17,52.83,26.34,1429.83,204.47,60.67,1.0
2024-01-06,12.0,35.38,24.46,4132.62,194.64,55.3,1.0
2024-01-07,10.92,16.58,25.91,2599.5,203.49,54.56,1.0
2024-01-08,17.06,26.72,24.22,938.89,199.43,58.65,1.0
2024-01-09,12.46,16.0,27.55,247.5,199.21,45.09,1.0
2024-01-10,9.15,20.68,26.53,75.4,199.29,43.2,1.0
2024-01-11,21.81,33.54,26.92,20.17,196.41,33.73,1.0
2024-01-12,13.0,26.1,24.93,218.18,196.55,29.13,1.0
2024-01-13,33.67,44.09,26.6,483.27,202.82,44.12,1.0
2024-01-14,32.88,37.9,25.57,165.0,200.64,37.41,1.0
2024-01-15,36.29,37.29,24.53,372.38,192.83,32.19,1.0
2024-01-16,20.81,22.5,24.4,226.21,206.23,33.07,1.0
2024-01-17,11.47,17.9,25.74,566.16,200.02,31.95,1.0
2024-01-18,1.72,17.27,25.35,234.91,200.75,39.13,1.0
2024-01-19,15.76,30.44,25.56,436.13,198.41,25.45,1.0
2024-01-20,20.79,26.02,25.17,606.63,205.1,35.91,1.0
2024-01-21,18.34,38.59,24.48,671.07,202.05,31.89,1.0
2024-01-22,37.54,45.74,25.23,777.79,201.3,37.12,1.0
2024-01-23,6.63,37.07,25.51,785.65,201.07,31.3,1.0
2024-01-24,5.53,39.51,26.77,715.5,201.68,30.18,1.0
2024-01-25,6.76,23.73,29.0,598.88,200.51,34.2,1.0
2024-01-26,6.33,14.5,29.4,840.18,209.66,31.64,1.0
2024-01-27,7.06,18.4,30.83,1018.69,202.89,29.02,1.0
2024-01-28,2.36,22.64,30.85,1007.54,204.83,30.32,1.0
2024-01-29,8.29,30.29,36.43,658.22,209.03,44.67,1.0
2024-01-30,6.74,44.33,33.33,565.15,199.3,30.42,1.0
2024-01-31,5.54,47.73,31.81,591.7,198.83,37.2,1.0
2024-02-01,20.0,37.0,22.0,600.0,199.0,25.0,1.0
2024-02-02,14.0,30.0,23.0,590.0,200.0,35.0,1.0
2024-02-03,3.0,9.0,18.0,516.0,203.0,29.0,1.0
2024-02-04,6.0,13.0,5.0,724.0,170.0,65.0,1.0
2024-02-05,4.0,15.0,3.0,1724.0,170.0,158.0,1.0
2024-02-06,7.0,22.0,11.0,1380.0,209.0,9.0,1.0
2024-02-07,6.0,22.0,11.0,1613.0,206.0,6.0,1.0
2024-02-08,6.0,27.0,14.0,1483.0,211.0,16.0,1.0
2024-02-09,14.0,30.0,6.0,1554.0,209.0,9.0,1.0
2024-02-10,7.0,31.0,8.0,1501.0,208.0,9.0,1.0
2024-02-11,8.0,23.0,9.0,1639.0,207.0,11.0,1.0
2024-02-12,5.0,20.0,10.0,1598.0,205.0,11.0,1.0
2024-02-13,6.0,33.0,13.0,1643.0,206.0,11.0,1.0
2024-02-14,2.0,16.0,15.0,1728.0,208.0,11.0,1.0
2024-02-15,4.0,10.0,14.0,1435.0,206.0,10.0,1.0
2024-02-16,3.0,13.0,12.0,1597.0,205.0,9.0,1.0
2024-02-17,3.0,15.0,9.0,1633.0,203.0,8.0,1.0
2024-02-18,3.0,13.0,11.0,1650.0,205.0,10.0,2.0
2024-02-19,4.0,23.0,7.0,1662.0,204.0,12.0,1.0
2024-02-20,7.0,40.0,6.0,1676.0,209.0,18.0,1.0
2024-02-21,4.0,21.0,7.0,1611.0,209.0,13.0,1.0
2024-02-22,3.0,14.0,5.0,1725.0,208.0,14.0,1.0
2024-02-23,3.0,29.0,12.0,1673.0,204.0,12.0,1.0
2024-02-24,3.0,20.0,5.0,1742.0,205.0,10.0,1.0
2024-02-25,7.0,22.0,13.0,1744.0,207.0,14.0,1.0
2024-02-26,8.0,30.0,11.0,1669.0,208.0,14.0,1.0
2024-02-27,6.0,27.0,6.0,1683.0,207.0,12.0,1.0
2024-02-28,6.0,27.0,6.0,1738.0,207.0,13.0,1.0
2024-02-29,7.0,27.0,7.0,1706.0,204.0,13.0,1.0
2024-03-01,4.0,34.0,9.0,1724.0,210.0,17.0,
2024-03-02,3.0,15.0,5.0,1659.0,210.0,13.0,
2024-03-03,3.0,15.0,6.0,1722.0,204.0,10.0,
2024-03-04,2.0,8.0,6.0,1751.0,205.0,10.0,
2024-03-05,5.0,16.0,5.0,1683.0,205.0,12.0,
2024-03-06,4.0,19.0,6.0,1748.0,211.0,18.0,
2024-03-07,3.0,16.0,2.0,1758.0,207.0,11.0,
2024-03-08,3.0,13.0,2.0,1830.0,205.0,9.0,
2024-03-09,4.0,16.0,5.0,1841.0,203.0,10.0,
2024-03-10,4.0,14.0,9.0,2021.0,203.0,11.0,
2024-03-11,9.0,18.0,9.0,1759.0,202.0,11.0,
2024-03-12,6.0,32.0,11.0,1680.0,205.0,14.0,
2024-03-13,7.0,24.0,4.0,2028.0,206.0,12.0,
2024-03-14,10.0,48.0,21.0,1699.0,207.0,12.0,
2024-03-15,8.0,31.0,13.0,1378.0,209.0,11.0,
2024-03-16,8.0,30.0,8.0,1484.0,209.0,12.0,
2024-03-17,5.0,33.0,11.0,1615.0,206.0,10.0,
2024-03-18,8.0,34.0,13.0,1590.0,206.0,11.0,
2024-03-19,3.0,25.0,13.0,1542.0,203.0,8.0,
2024-03-20,4.0,20.0,15.0,1897.0,203.0,7.0,
2024-03-21,3.0,14.0,14.0,1678.0,200.0,5.0,
2024-03-22,4.0,21.0,24.0,1702.0,205.0,9.0,
2024-03-23,4.0,33.0,23.0,1620.0,199.0,4.0,
2024-03-24,4.0,36.0,29.0,1406.0,203.0,10.0,
2024-03-25,4.0,30.0,20.0,2101.0,205.0,6.0,
2024-03-26,5.0,30.0,35.0,1787.0,208.0,8.0,
2024-03-27,9.0,20.0,36.0,1822.0,210.0,7.0,
2024-03-28,5.0,28.0,28.0,1777.0,205.0,3.0,
2024-03-29,7.0,20.0,39.0,1732.0,209.0,5.0,
2024-03-30,8.0,13.0,28.0,925.0,208.0,8.0,
2024-03-31,18.0,28.0,5.0,1474.0,210.0,13.0,
2024-04-01,7.0,16.0,7.0,1737.0,206.0,12.0,1.0
2024-04-02,9.0,14.0,6.0,1644.0,210.0,17.0,1.0
2024-04-03,4.0,18.0,6.0,1663.0,123.0,9.0,1.0
2024-04-04,5.0,14.0,7.0,1530.0,28.0,12.0,1.0
2024-04-05,7.0,18.0,3.0,1671.0,29.0,14.0,1.0
2024-04-06,2.0,28.0,4.0,1778.0,26.0,14.0,1.0
2024-04-07,8.0,22.0,5.0,1733.0,29.0,14.0,1.0
2024-04-08,8.0,19.0,2.0,1794.0,23.0,12.0,1.0
2024-04-09,21.0,20.0,,,,184.0,
2024-04-10,13.0,12.0,,,,,
2024-04-11,4.0,6.0,,,,,
2024-04-12,4.0,7.0,,,,,
2024-04-13,5.0,14.0,,,,,
2024-04-14,9.0,16.0,,,,,
2024-04-15,5.0,13.0,,,,,
2024-04-16,6.0,14.0,,,,,
2024-04-17,3.0,7.0,,,,,
2024-04-18,9.0,13.0,,,,,1.0
2024-04-19,11.0,15.0,,,,,
2024-04-20,9.0,10.0,,,,,
2024-04-21,3.0,9.0,,,,,
2024-04-22,10.0,10.0,,,,,
2024-04-23,10.0,15.0,,,,,
2024-04-24,10.0,15.0,,,,,
2024-04-25,13.0,18.0,,,,,
2024-04-26,13.0,23.0,,,,,
2024-04-27,7.0,12.0,,,,,1.0
2024-04-28,2.0,9.0,,,,,
2024-04-29,3.0,14.0,,,,,
2024-04-30,3.0,18.0,,,,,1.0
2024-05-01,6.0,11.0,,,,,
2024-05-02,6.0,9.0,,,,,1.0
2024-05-03,4.0,12.0,,,,,1.0
2024-05-04,3.0,14.0,,,,,1.0
2024-05-05,6.0,17.0,,,,,1.0
2024-05-06,6.0,12.0,,,,,1.0
2024-05-07,7.0,11.0,8.0,1153.0,48.0,21.0,2.0
2024-05-08,7.0,22.0,14.0,1136.0,51.0,39.0,2.0
2024-05-09,10.0,21.0,13.0,1093.0,58.0,34.0,2.0
2024-05-10,8.0,11.0,10.0,1113.0,55.0,26.0,2.0
2024-05-11,15.0,19.0,15.0,1109.0,54.0,38.0,2.0
2024-05-12,9.0,10.0,12.0,1087.0,61.0,41.0,2.0
2024-05-13,7.0,14.0,10.0,1136.0,57.0,42.0,2.0
2024-05-14,9.0,16.0,15.0,1148.0,63.0,53.0,2.0
2024-05-15,8.0,10.0,,,,,1.0
2024-05-16,8.0,15.0,,,,,1.0
2024-05-17,7.0,28.0,,,,,1.0
2024-05-18,21.0,34.0,,,,,1.0
2024-05-19,10.0,14.0,,,,,1.0
2024-05-20,5.0,12.0,,,,,1.0
2024-05-21,5.0,23.0,,,,,2.0
2024-05-22,8.0,11.0,,,,,1.0
2024-05-23,7.0,14.0,,,,,1.0
2024-05-24,7.0,13.0,,,,,1.0
2024-05-25,5.0,12.0,,,,,1.0
2024-05-26,5.0,16.0,,,,,1.0
2024-05-27,5.0,14.0,,,,,2.0
2024-05-28,7.0,18.0,,,,,1.0
2024-05-29,6.0,19.0,,,,,2.0
2024-05-30,18.0,10.0,,,,,2.0
2024-05-31,13.0,15.0,,,,,1.0
2024-06-01,10.0,13.0,,,,,2.0
2024-06-02,21.0,15.0,,,,,1.0
2024-06-03,1.0,20.0,,,,,1.0
2024-06-04,7.0,26.0,,,,116.0,2.0
2024-06-05,,17.0,20.0,1106.0,19.0,177.0,1.0
2024-06-06,,11.0,25.0,982.0,21.0,,1.0
2024-06-07,1.0,25.0,27.0,1056.0,20.0,197.0,1.0
2024-06-08,,25.0,30.0,992.0,18.0,,1.0
2024-06-09,5.0,13.0,38.0,928.0,19.0,157.0,1.0
2024-06-10,,14.0,,,,,2.0
2024-06-11,,14.0,,,,,2.0
2024-06-12,1.0,24.0,14.0,1333.0,2.0,24.0,2.0
2024-06-13,2.0,28.0,23.0,1297.0,2.0,48.0,2.0
2024-06-14,16.0,32.0,,,,,1.0
2024-06-15,,32.0,,,,192.0,2.0
2024-06-16,,20.0,,,,,2.0
2024-06-17,5.0,20.0,,,,184.0,2.0
2024-06-18,5.0,18.0,,,3.0,182.0,2.0
2024-06-19,1.0,20.0,,,8.0,197.0,2.0
2024-06-20,18.0,28.0,,64.0,18.0,161.0,3.0
2024-06-21,,7.0,,,16.0,160.0,2.0
2024-06-22,,8.0,,,14.0,166.0,2.0
2024-06-23,,17.0,,,34.0,107.0,3.0
2024-06-24,,25.0,,,27.0,94.0,1.0
2024-06-25,1.0,18.0,,,32.0,134.0,2.0
2024-06-26,,21.0,10.0,1392.0,106.0,107.0,2.0
2024-06-27,2.0,11.0,11.0,1426.0,103.0,89.0,2.0
2024-06-28,9.0,23.0,11.0,1397.0,92.0,125.0,1.0
2024-06-29,,19.0,,,,,
2024-06-30,,,,,,,
2024-07-01,2.0,17.0,,,2.0,,
2024-07-02,6.0,18.0,,,11.0,118.0,3.0
2024-07-03,5.0,16.0,,,6.0,95.0,2.0
2024-07-04,14.0,26.0,,,4.0,94.0,2.0
2024-07-05,,20.0,,,3.0,,2.0
2024-07-06,10.0,16.0,,,2.0,,2.0
2024-07-07,,17.0,,,,,1.0
2024-07-08,1.0,15.0,,,,,2.0
2024-07-09,,14.0,,,,,2.0
2024-07-10,1.0,11.0,,,2.0,,2.0
2024-07-11,1.0,23.0,,,2.0,,2.0
2024-07-12,,18.0,,,4.0,,2.0
2024-07-13,1.0,24.0,,,16.0,,2.0
2024-07-14,1.0,22.0,,,14.0,,2.0
2024-07-15,,26.0,,,12.0,,2.0
2024-07-16,1.0,23.0,,,12.0,,2.0
2024-07-17,,16.0,,,10.0,,2.0
2024-07-18,,21.0,,,11.0,,2.0
2024-07-19,3.0,24.0,,2179.0,17.0,,2.0
2024-07-20,3.0,26.0,,,21.0,,2.0
2024-07-21,,28.0,,,,,1.0
2024-07-22,2.0,35.0,,,,,2.0
2024-07-23,6.0,27.0,,,,,1.0
2024-07-24,10.0,25.0,,,,98.0,1.0
2024-07-25,,27.0,18.0,1165.0,40.0,48.0,4.0
2024-07-26,41.0,42.0,27.0,833.0,37.0,33.0,6.0
2024-07-27,37.0,35.0,2.0,1042.0,36.0,43.0,7.0
2024-07-28,36.0,34.0,1.0,1081.0,34.0,23.0,5.0
2024-07-29,27.0,22.0,1.0,1138.0,34.0,27.0,6.0
2024-07-30,24.0,22.0,1.0,1224.0,25.0,5.0,8.0
2024-07-31,,,,,,,
2024-08-01,18.0,16.0,1.0,1173.0,27.0,12.0,7.0
2024-08-02,35.0,33.0,1.0,1339.0,24.0,12.0,8.0
2024-08-03,23.0,19.0,1.0,1167.0,29.0,15.0,7.0
2024-08-04,9.0,11.0,,1080.0,28.0,123.0,8.0
2024-08-05,,19.0,,,,134.0,4.0
2024-08-06,,30.0,,,,136.0,4.0
2024-08-07,1.0,16.0,,,,120.0,5.0
2024-08-08,,27.0,,,,142.0,5.0
2024-08-09,,18.0,,,,122.0,6.0
2024-08-10,,21.0,,,,138.0,5.0
2024-08-11,,23.0,,,,130.0,5.0
2024-08-12,1.0,20.0,,,,144.0,4.0
2024-08-13,,33.0,,,,142.0,4.0
2024-08-14,1.0,19.0,,,,139.0,5.0
2024-08-15,,16.0,,,,132.0,5.0
2024-08-16,1.0,20.0,,,,115.0,3.0
2024-08-17,1.0,20.0,,,,137.0,4.0
2024-08-18,,17.0,,,,140.0,3.0
2024-08-19,2.0,18.0,,,,140.0,3.0
2024-08-20,,11.0,,,,120.0,3.0
2024-08-21,28.0,20.0,,,,113.0,2.0
2024-08-22,,13.0,,,,,4.0
2024-08-23,,16.0,,,,,6.0
2024-08-24,,31.0,,,,189.0,4.0
2024-08-25,1.0,31.0,,,,,4.0
2024-08-26,1.0,30.0,,,,,5.0
2024-08-27,,24.0,17.0,1530.0,26.0,131.0,7.0
2024-08-28,1.0,40.0,24.0,1341.0,26.0,126.0,7.0
2024-08-29,,46.0,22.0,1462.0,20.0,131.0,8.0
2024-08-30,,28.0,24.0,1214.0,22.0,123.0,7.0
2024-08-31,,,,,,,
2024-09-01,,35.0,25.0,1367.0,23.0,120.0,7.0
2024-09-02,1.0,43.0,21.0,1335.0,29.0,114.0,8.0
2024-09-03,1.0,23.0,24.0,1314.0,21.0,115.0,8.0
2024-09-04,,29.0,22.0,1360.0,19.0,134.0,9.0
2024-09-05,,44.0,20.0,1435.0,27.0,130.0,7.0
2024-09-06,1.0,26.0,23.0,1261.0,25.0,118.0,8.0
2024-09-07,1.0,20.0,23.0,1242.0,25.0,113.0,7.0
2024-09-08,,18.0,23.0,1266.0,22.0,116.0,6.0
2024-09-09,,22.0,24.0,1345.0,17.0,137.0,8.0
2024-09-10,,19.0,20.0,1314.0,22.0,142.0,8.0
2024-09-11,1.0,23.0,23.0,1319.0,19.0,140.0,5.0
2024-09-12,,10.0,22.0,1272.0,16.0,89.0,6.0
2024-09-13,1.0,16.0,,,,33.0,6.0
2024-09-14,,9.0,,,,38.0,6.0
2024-09-15,,16.0,,,,77.0,3.0
2024-09-16,,16.0,,,,82.0,6.0
2024-09-17,,17.0,,,,100.0,5.0
2024-09-18,,16.0,22.0,811.0,42.0,87.0,5.0
2024-09-19,4.0,23.0,16.0,940.0,41.0,71.0,
2024-09-20,,26.0,19.0,888.0,40.0,62.0,
2024-09-21,34.0,17.0,28.0,884.0,56.0,102.0,
2024-09-22,54.0,60.0,44.0,961.0,42.0,91.0,
2024-09-23,31.0,26.0,31.0,1151.0,4.0,51.0,
2024-09-24,27.0,21.0,12.0,1246.0,2.0,36.0,
2024-09-25,37.0,31.0,11.0,1271.0,39.0,28.0,
2024-09-26,18.0,15.0,12.0,1166.0,55.0,159.0,4.0
2024-09-27,18.0,15.0,,,,174.0,4.0
2024-09-28,27.0,23.0,,,,170.0,4.0
2024-09-29,24.0,20.0,,,,181.0,3.0
2024-09-30,32.0,30.0,,,,178.0,4.0
2024-10-01,23.0,19.0,,,,170.0,4.0
2024-10-02,26.0,21.0,36.0,1003.0,34.0,159.0,2.0
2024-10-03,21.0,18.0,42.0,1050.0,35.0,98.0,5.0
2024-10-04,26.0,22.0,,,,75.0,2.0
2024-10-05,18.0,16.0,,,,,3.0
2024-10-06,9.0,8.0,,,,,3.0
2024-10-07,26.0,20.0,,,,,4.0
2024-10-08,31.0,27.0,,,,183.0,3.0
2024-10-09,29.0,23.0,,,,,3.0
2024-10-10,21.0,18.0,,,,,3.0
2024-10-11,23.0,20.0,,,,137.0,2.0
2024-10-12,11.0,10.0,,,,142.0,2.0
2024-10-13,6.0,6.0,,,,161.0,5.0
2024-10-14,13.0,11.0,,,,133.0,4.0
2024-10-15,16.0,12.0,,,,173.0,2.0
2024-10-16,33.0,29.0,,,,,2.0
2024-10-17,30.0,25.0,15.0,727.0,37.0,118.0,4.0
2024-10-18,12.0,11.0,17.0,827.0,55.0,153.0,
2024-10-19,24.0,20.0,14.0,880.0,47.0,98.0,
2024-10-20,25.0,19.0,16.0,854.0,47.0,104.0,
2024-10-21,26.0,22.0,17.0,811.0,42.0,91.0,
2024-10-22,43.0,39.0,13.0,921.0,49.0,85.0,4.0
2024-10-23,31.0,27.0,,,,101.0,2.0
2024-10-24,32.0,29.0,,,,122.0,3.0
2024-10-25,49.0,41.0,,60.0,,100.0,2.0
2024-10-26,33.0,27.0,,,,92.0,3.0
2024-10-27,45.0,41.0,,,,122.0,3.0
2024-10-28,37.0,30.0,,,,103.0,3.0
2024-10-29,39.0,33.0,,,,153.0,4.0
2024-10-30,23.0,19.0,,,,124.0,4.0
2024-10-31,28.0,23.0,,,,126.0,2.0
2024-11-01,18.0,15.0,,,,114.0,2.0
2024-11-02,24.0,20.0,,,,,2.0
2024-11-03,24.0,17.0,,,,,3.0
2024-11-04,16.0,15.0,,,,,3.0
2024-11-05,27.0,24.0,,,,131.0,3.0
2024-11-06,30.0,24.0,,,,114.0,4.0
2024-11-07,14.0,12.0,,,,172.0,3.0
2024-11-08,27.0,21.0,,,,118.0,4.0
2024-11-09,35.0,31.0,,,1.0,,2.0
2024-11-10,13.0,10.0,,,,,4.0
2024-11-11,22.0,18.0,,,3.0,,4.0
2024-11-12,17.0,15.0,,,,,
2024-11-13,30.0,23.0,,,,,
2024-11-14,26.0,23.0,,,1.0,,
2024-11-15,32.0,26.0,,,,,
2024-11-16,20.0,17.0,,,,,
2024-11-17,13.0,10.0,,,,,
2024-11-18,13.0,10.0,,,,,
2024-11-19,21.0,18.0,,,,,
2024-11-20,18.0,15.0,,,,,
2024-11-21,19.0,16.0,,,,,
2024-11-22,17.0,13.0,,,,,
2024-11-23,21.0,18.0,,,,,
2024-11-24,31.0,27.0,,,,,
2024-11-25,28.0,23.0,,,,,
2024-11-26,22.0,18.0,,,,,
2024-11-27,8.0,7.0,,,,,
2024-11-28,9.0,8.0,,,,,
2024-11-29,12.0,10.0,,,,,
2024-11-30,27.0,23.0,,,,,
2024-12-01,19.0,17.0,,,,25.0,3.0
2024-12-02,22.0,18.0,,,,28.0,3.0
2024-12-03,29.0,24.0,,,,35.0,4.0
2024-12-04,34.0,27.0,,,,33.0,5.0
2024-12-05,40.0,33.0,,,,36.0,4.0
2024-12-06,38.0,28.0,,,,83.0,3.0
2024-12-07,40.0,30.0,,,,155.0,3.0
2024-12-08,34.0,27.0,,,,141.0,2.0
2024-12-09,19.0,15.0,,,,,3.0
2024-12-10,20.0,17.0,,,,,3.0
2024-12-11,15.0,12.0,,,,,2.0
2024-12-12,11.0,9.0,,,,161.0,2.0
2024-12-13,28.0,25.0,,,,162.0,2.0
2024-12-14,23.0,21.0,,,,168.0,3.0
2024-12-15,27.0,22.0,,,,171.0,6.0
2024-12-16,31.0,25.0,,,,172.0,2.0
2024-12-17,20.0,18.0,,,,180.0,3.0
2024-12-18,9.0,9.0,,,,193.0,3.0
2024-12-19,7.0,6.0,9.0,1117.0,80.0,180.0,4.0
2024-12-20,14.0,12.0,10.0,1171.0,79.0,184.0,
2024-12-21,19.0,17.0,10.0,1174.0,81.0,176.0,
2024-12-22,15.0,12.0,,,,,2.0
2024-12-23,14.0,12.0,,,,,3.0
2024-12-24,28.0,24.0,,,,,2.0
2024-12-25,13.0,10.0,,,,59.0,4.0
2024-12-26,22.0,18.0,,,,51.0,3.0
2024-12-27,38.0,31.0,,,,88.0,3.0
2024-12-28,25.0,19.0,,,,,4.0
2024-12-29,20.0,15.0,,,,,3.0
2024-12-30,10.0,8.0,,,,,3.0
2024-12-31,21.0,16.0,,,,,2.0
