Tanggal,PM10,PM2.5,SO2,CO,O3,NO2,HC,pm2.5_lag1,pm10_lag1,pm2.5_trend3,pm10_trend3,suhu_avg,curah_hujan,angin_max
2023-01-03,33.1,30.5,24.52,4595.0,22.9,31.23,57.25,24.96,26.85,25.64,27.663333333333338,24.872917,3.4999998,13.797912
2023-01-04,25.56,23.83,23.4,4622.23,23.21,32.44,55.1,30.5,33.1,26.429999999999996,28.503333333333334,25.385416,2.6,7.2
2023-01-05,41.23,39.48,22.71,5021.0,22.19,35.08,67.33,23.83,25.56,31.27,33.29666666666666,25.904167,0.7,7.9036193
2023-01-06,38.04,36.11,19.48,4824.63,23.04,35.74,69.85,39.48,41.23,33.13999999999999,34.943333333333335,26.202085,3.1,10.233123
2023-01-07,36.026666666666664,33.74,20.613076923076925,3700.42,61.02666666666667,53.002,74.8325,36.11,38.04,36.443333333333335,38.432222222222215,25.34375,20.7,12.287555
2023-01-08,34.013333333333335,31.37,21.746153846153845,2576.21,99.01333333333335,70.26400000000001,79.815,33.74,36.026666666666664,33.74,36.026666666666664,25.383333,5.9999995,11.440978
2023-01-09,32.0,29.0,22.87923076923077,1452.0,137.0,87.52600000000001,84.7975,31.37,34.013333333333335,31.370000000000005,34.01333333333333,26.177086,1.0,9.686609
2023-01-10,38.5,36.52,24.012307692307694,1380.04,138.4,104.78800000000001,89.78,29.0,32.0,32.29666666666667,34.837777777777774,26.010416,2.0,6.4799995
2023-01-11,33.88,31.92,25.145384615384614,1289.94,127.46,122.05,86.39,36.52,38.5,32.48,34.79333333333333,25.139585,13.500001,8.905908
2023-01-12,38.69,35.94,26.27846153846154,1341.75,109.25,146.67,83.0,31.92,33.88,34.79333333333333,37.02333333333333,26.481253,0.70000005,8.707238
2023-01-13,27.19,25.1,27.411538461538463,1173.06,109.94,134.04,98.33,35.94,38.69,30.986666666666668,33.25333333333333,25.316668,9.8,7.8954163
2023-01-14,43.98,41.81,28.544615384615383,1269.65,109.31,135.13,91.0,25.1,27.19,34.28333333333333,36.62,25.65625,4.3,7.7879906
2023-01-15,14.83,13.4,29.677692307692308,1199.6,110.33,117.96,98.43,41.81,43.98,26.77,28.66666666666666,25.935415,7.9999995,9.726665
2023-01-16,19.92,18.58,30.810769230769232,1234.77,110.02,119.98,88.5,13.4,14.83,24.596666666666664,26.24333333333333,25.508331,3.3,15.119999
2023-01-17,21.0,19.35,31.943846153846152,1215.38,114.83,106.08,97.75,18.58,19.92,17.11,18.583333333333332,24.258337,28.0,15.0038395
2023-01-18,31.75,29.65,33.07692307692308,1329.77,115.75,102.14533333333333,94.04,19.35,21.0,22.526666666666667,24.223333333333333,25.637499,0.7,12.218805
2023-01-19,29.29,27.0,34.21,1362.27,128.12,98.21066666666667,70.6,29.65,31.75,25.333333333333332,27.346666666666664,25.816666,8.8,14.021525
2023-01-20,37.47,35.26,35.34307692307692,1498.81,135.66,94.276,70.47,27.0,29.29,30.636666666666667,32.836666666666666,24.689585,14.500001,13.044722
2023-01-21,23.17,21.69,36.47615384615385,1295.42,134.15,90.34133333333334,72.0,35.26,37.47,27.983333333333334,29.97666666666667,24.868752,14.6,9.9571085
2023-01-22,12.6,11.85,37.60923076923077,1248.63,136.5,86.40666666666667,74.83,21.69,23.17,22.933333333333334,24.41333333333333,24.641668,5.8999996,10.931203
2023-01-23,14.27,13.44,38.74230769230769,1335.08,136.29,82.47200000000001,78.83,11.85,12.6,15.660000000000002,16.68,24.077087,17.5,10.587918
2023-01-24,12.1,11.06,39.87538461538462,1281.04,136.98,78.53733333333334,75.25,13.44,14.27,12.116666666666667,12.99,24.110418,2.8999996,10.24578
2023-01-25,17.13,15.31,41.00846153846154,1290.73,137.35,74.60266666666666,78.5,11.06,12.1,13.270000000000001,14.5,24.304161,1.8000002,13.684735
2023-01-26,28.13,25.25,42.14153846153846,1334.77,136.98,70.668,77.65,15.31,17.13,17.206666666666667,19.12,25.19792,2.8999999,12.594856
2023-01-27,29.81,26.81,43.27461538461539,1364.19,136.94,66.73333333333333,80.0,25.25,28.13,22.456666666666667,25.02333333333333,25.379166,0.3,8.534353
2023-01-28,25.14,22.43,44.40769230769231,1512.14,138.0,62.79866666666667,77.0,26.81,29.81,24.83,27.69333333333333,24.960419,2.1,14.693999
2023-01-29,22.105,19.73,45.54076923076923,1466.625,115.47,58.864000000000004,71.52,22.43,25.14,22.99,25.685000000000002,24.983335,0.70000005,15.30741
2023-01-30,19.07,17.03,46.673846153846156,1421.11,92.94,54.92933333333334,66.04,19.73,22.105,19.73,22.105,24.639587,2.8,13.276144
2023-01-31,16.035,14.33,47.80692307692308,1375.595,70.41,50.99466666666667,60.56,17.03,19.07,17.03,19.069999999999997,25.416666,2.2,12.287555
2023-02-01,13.0,11.63,48.94,1330.08,47.88,47.06,55.08,14.33,16.035,14.33,16.035,25.772919,5.9,10.028439
2023-02-02,23.04,21.4,49.08,1378.6,39.69,45.54,57.1,11.63,13.0,15.786666666666667,17.358333333333334,25.756247,14.2,18.057508
2023-02-03,17.36,15.79,48.86,1279.07,51.05,21.05,57.25,21.4,23.04,16.273333333333333,17.8,26.454165,0.1,11.457958
2023-02-04,15.92,14.42,48.27,1242.0,51.52,18.67,55.1,15.79,17.36,17.203333333333333,18.773333333333333,26.027082,5.5999994,14.291592
2023-02-05,14.89,12.96,48.23,1185.48,60.04,11.46,67.33,14.42,15.92,14.39,16.05666666666667,24.783333,8.3,9.565437
2023-02-06,13.9,12.58,47.65,1103.44,65.15,6.85,69.85,12.96,14.89,13.32,14.903333333333334,25.687502,0.5,10.041354
2023-02-07,35.4,32.48,48.35,1251.71,65.06,7.04,74.8325,12.58,13.9,19.34,21.396666666666665,26.277086,0.0,9.779817
2023-02-08,47.16,43.45,47.94,1232.68,65.55,6.42,79.815,32.48,35.4,29.50333333333333,32.15333333333333,25.977087,9.0,9.673221
2023-02-09,43.02428571428571,39.65428571428572,47.55,1241.1371428571429,63.07285714285714,8.378571428571428,84.7975,43.45,47.16,38.52809523809524,41.86142857142857,25.799997,9.2,6.162207
2023-02-10,38.888571428571424,35.85857142857143,47.16,1249.594285714286,60.59571428571429,10.337142857142856,89.78,39.65428571428572,43.02428571428571,39.65428571428572,43.0242857142857,25.860418,18.800003,9.885262
2023-02-11,34.75285714285714,32.06285714285714,46.769999999999996,1258.0514285714287,58.11857142857143,12.295714285714286,86.39,35.85857142857143,38.888571428571424,35.85857142857143,38.888571428571424,25.860415,14.299999,14.05845
2023-02-12,30.617142857142856,28.267142857142858,46.38,1266.5085714285715,55.64142857142857,14.254285714285714,83.0,32.06285714285714,34.75285714285714,32.06285714285715,34.75285714285714,25.677084,5.6000004,8.913181
2023-02-13,26.481428571428573,24.47142857142857,45.99,1274.9657142857143,53.16428571428571,16.212857142857143,98.33,28.267142857142858,30.617142857142856,28.267142857142858,30.617142857142856,25.508331,21.6,11.792404
2023-02-14,22.345714285714287,20.675714285714285,45.6,1283.4228571428573,50.68714285714286,18.17142857142857,91.0,24.47142857142857,26.481428571428573,24.47142857142857,26.48142857142857,25.981253,8.5,11.841756
2023-02-15,18.21,16.88,45.21,1291.88,48.21,20.13,98.43,20.675714285714285,22.345714285714287,20.675714285714285,22.34571428571429,25.125,10.5,9.885262
2023-02-16,21.52,18.85,43.73,1297.96,47.71,17.69,88.5,16.88,18.21,18.801904761904762,20.691904761904762,25.895834,0.1,8.669949
2023-02-17,34.63,31.17,45.54,1227.77,47.96,16.92,97.75,18.85,21.52,22.3,24.786666666666672,25.799997,0.2,11.792404
2023-02-18,37.75,34.02,41.21,1159.63,65.81,29.48,94.04,31.17,34.63,28.013333333333335,31.3,26.81042,1.1,11.503113
2023-02-19,20.15,18.15,50.92,998.1,59.29,55.63,70.6,34.02,37.75,27.78,30.843333333333334,24.877083,25.1,10.636766
2023-02-20,19.04,16.58,46.96,1056.4,65.1,53.46,70.47,18.15,20.15,22.916666666666668,25.646666666666665,24.949999,7.3,12.904882
2023-02-21,20.0,17.31,41.31,1118.29,76.52,54.65,72.0,16.58,19.04,17.346666666666664,19.73,25.108332,9.4,11.165805
2023-02-22,17.29,15.33,41.98,1163.08,76.75,54.56,74.83,17.31,20.0,16.406666666666666,18.776666666666667,25.247917,9.9,9.178235
2023-02-23,26.35,23.33,41.85,1176.52,76.5,54.77,78.83,15.33,17.29,18.656666666666666,21.213333333333335,25.75625,1.0000001,11.4862
2023-02-24,29.8,27.23,47.7,1159.97,62.87,23.6,75.25,23.33,26.35,21.963333333333335,24.48,24.610413,14.599999,13.202726
2023-02-25,35.06,30.81,48.67,1133.56,55.94,18.63,78.5,27.23,29.8,27.123333333333335,30.403333333333336,25.927078,0.2,12.879752
2023-02-26,38.35,33.54,49.25,1110.04,56.06,17.71,77.65,30.81,35.06,30.526666666666667,34.403333333333336,25.420832,2.3000002,14.529915
2023-02-27,23.06,19.54,48.92,1090.27,55.15,17.25,80.0,33.54,38.35,27.963333333333328,32.156666666666666,25.19792,6.4,15.484185
2023-02-28,22.29,19.69,48.33,1085.17,58.44,20.58,77.0,19.54,23.06,24.256666666666664,27.899999999999995,24.814583,19.400002,7.928178
2023-03-01,15.92,14.71,45.15,1117.54,62.19,31.0,98.91,19.69,22.29,17.98,20.42333333333333,23.137503,28.500004,10.365251
2023-03-02,19.0,16.48,45.63,1112.35,60.94,30.1,81.45,14.71,15.92,16.96,19.069999999999997,24.589584,6.1999993,13.324863
2023-03-03,16.96,15.33,46.27,1153.27,62.79,30.21,94.28,16.48,19.0,15.506666666666668,17.29333333333333,24.420832,23.699997,11.183201
2023-03-04,18.04,15.65,45.65,1116.31,62.19,31.81,93.2,15.33,16.96,15.82,17.999999999999996,23.910418,3.3999994,10.315115
2023-03-05,25.13,21.42,45.96,1156.69,63.48,28.83,85.63,15.65,18.04,17.46666666666667,20.043333333333333,25.333336,0.6,12.43434
2023-03-06,31.42,25.08,45.83,1105.48,62.83,27.98,54.65,21.42,25.13,20.71666666666667,24.86333333333333,25.545832,0.0,9.931042
2023-03-07,41.27,33.48,46.06,1098.98,61.56,28.88,22.46,25.08,31.42,26.659999999999997,32.60666666666666,25.975,0.0,13.044722
2023-03-08,33.85,26.08,45.92,1089.44,61.58,29.29,22.77,33.48,41.27,28.213333333333328,35.513333333333335,26.418753,0.6,12.496718
2023-03-09,30.93,24.79,42.8,1091.51,59.69,30.8,16.97,26.08,33.85,28.116666666666664,35.35,25.81875,4.2999997,8.557102
2023-03-10,28.27,23.46,38.38,1063.13,53.6,27.73,8.17,24.79,30.93,24.776666666666667,31.016666666666666,24.73542,20.699999,9.114471
2023-03-11,15.0,12.23,38.69,1039.79,53.9,28.13,10.02,23.46,28.27,20.16,24.73333333333333,24.547913,9.999999,6.618519
2023-03-12,16.73,13.19,38.31,1052.06,54.25,27.56,8.0,12.23,15.0,16.293333333333333,19.999999999999996,25.481253,12.2,10.308831
2023-03-13,22.27,16.27,38.6,995.94,55.69,26.96,9.63,13.19,16.73,13.896666666666667,17.999999999999996,24.368746,8.099998,10.883676
2023-03-14,30.85,24.44,43.56,989.4,49.58,24.98,6.28,16.27,22.27,17.966666666666665,23.28333333333333,25.291666,2.9,10.383987
2023-03-15,32.13,24.6,46.1,969.31,42.1,25.04,4.13,24.44,30.85,21.77,28.416666666666668,25.833334,0.7,12.413477
2023-03-16,44.98,35.42,53.52,882.98,35.02,11.17,5.4,24.6,32.13,28.153333333333336,35.986666666666665,25.908335,5.1,12.10157
2023-03-17,29.58,22.67,53.58,863.98,31.92,12.08,6.23,35.42,44.98,27.563333333333333,35.563333333333325,26.220833,0.8000001,9.449572
2023-03-18,27.23,21.08,53.6,871.88,32.17,11.92,5.19,22.67,29.58,26.389999999999997,33.93,26.866663,1.0,9.346143
2023-03-19,32.48,25.58,53.71,914.46,34.56,14.42,8.51,21.08,27.23,23.109999999999996,29.763333333333332,26.727087,8.6,10.587918
2023-03-20,32.69,24.73,48.0,793.44,44.56,49.71,5.23,25.58,32.48,23.796666666666663,30.799999999999994,25.485418,12.200001,10.594036
2023-03-21,17.77,13.4,47.77,897.04,45.73,50.71,4.23,24.73,32.69,21.236666666666665,27.64666666666666,26.012503,2.4999998,9.605998
2023-03-22,44.24,34.91,49.04,1031.69,43.49,49.73,8.58,13.4,17.77,24.346666666666664,31.566666666666663,27.091667,0.2,7.9036193
2023-03-23,42.88,31.96,45.52,375.94,44.19,25.73,8.55,34.91,44.24,26.75666666666666,34.96333333333333,26.097918,10.499999,12.371645
2023-03-24,27.29,17.92,43.6,276.21,47.58,10.71,15.88,31.96,42.88,28.263333333333332,38.13666666666666,25.466667,16.5,13.608762
2023-03-25,22.54,13.44,43.13,333.54,47.79,11.27,23.27,17.92,27.29,21.106666666666666,30.903333333333325,25.35417,16.2,13.009903
2023-03-26,23.94,16.77,43.25,494.31,47.67,12.27,21.54,13.44,22.54,16.043333333333333,24.589999999999993,26.78125,0.1,9.107359
2023-03-27,26.0,18.44,43.58,482.33,47.54,12.13,24.25,16.77,23.94,16.216666666666665,24.159999999999997,26.097918,15.7,7.628263
2023-03-28,31.56,21.75,44.46,587.04,47.81,11.54,24.0,18.44,26.0,18.986666666666665,27.16666666666666,26.493752,8.400001,7.5599995
2023-03-29,40.33,29.21,44.25,629.92,47.29,12.46,23.1,21.75,31.56,23.13333333333333,32.629999999999995,26.500002,1.9000001,12.661564
2023-03-30,32.85,21.9,44.73,655.79,47.63,12.19,27.33,29.21,40.33,24.286666666666665,34.91333333333333,26.031248,6.2,11.27553
2023-03-31,49.96,31.1,45.88,846.02,47.25,12.1,22.35,21.9,32.85,27.403333333333332,41.04666666666666,25.324999,6.4,8.287822
2023-04-01,68.58,43.65,47.08,958.65,47.35,12.23,18.6,31.1,49.96,32.21666666666666,50.46333333333333,24.745834,18.300001,8.78872
2023-04-02,29.69,19.29,47.35,941.4,46.81,14.27,9.45,43.65,68.58,31.346666666666664,49.41,26.025002,11.9,8.14587
2023-04-03,22.9,17.54,47.4,818.06,53.0,13.23,10.94,19.29,29.69,26.826666666666664,40.38999999999999,25.814585,0.0,11.631956
2023-04-04,33.63,26.13,47.77,848.56,54.79,11.29,7.85,17.54,22.9,20.986666666666665,28.739999999999995,26.770834,0.0,10.296251
2023-04-05,29.56,22.42,47.69,777.65,56.4,11.25,12.56,26.13,33.63,22.03,28.696666666666662,25.827085,7.2,15.937878
2023-04-06,34.9,26.19,47.15,757.98,56.1,11.06,12.9,22.42,29.56,24.913333333333338,32.69666666666666,25.812502,7.6000004,14.003028
2023-04-07,19.88,22.29,46.98,723.96,57.54,11.02,19.62,26.19,34.9,23.633333333333336,28.113333333333326,26.450003,0.6,9.47012
2023-04-08,9.0,16.44,53.02,639.19,66.79,12.9,23.54,22.29,19.88,21.64,21.25999999999999,26.15625,11.4,12.879752
2023-04-09,2.44,17.65,52.94,639.98,70.67,13.5,28.52,16.44,9.0,18.793333333333333,10.439999999999996,24.849997,4.8999996,8.435069
2023-04-10,1.0,20.02,52.75,623.96,70.52,15.06,29.06,17.65,2.44,18.036666666666665,4.146666666666662,26.514585,4.9,11.885453
2023-04-11,3.94,40.46,48.54,828.6,64.21,22.1,31.19,20.02,1.0,26.043333333333333,2.459999999999995,27.445831,1.4000001,9.885262
2023-04-12,2.25,47.75,45.77,821.6,61.5,25.1,28.46,40.46,3.94,36.07666666666666,2.3966666666666616,26.958334,2.5,8.427383
2023-04-13,1.56,31.68,38.7,759.04,71.26,31.11,32.65,47.75,2.25,39.96333333333333,2.5833333333333286,27.164583,3.5,10.182337
2023-04-14,3.11,47.92,46.88,717.79,56.63,21.79,34.41,31.68,1.56,42.45,2.3066666666666618,27.139582,11.6,10.495713
2023-04-15,1.83,51.23,49.23,771.79,57.66,24.96,37.6,47.92,3.11,43.60999999999999,2.166666666666662,26.260416,9.000001,7.9932976
2023-04-16,1.5,32.31,48.15,655.58,41.85,13.13,40.08,51.23,1.83,43.82,2.1466666666666616,26.05208,23.0,8.654986
2023-04-17,1.8,23.77,48.19,662.35,41.69,11.88,36.98,32.31,1.5,35.77,1.7099999999999953,27.235418,1.3,8.825508
2023-04-18,2.0,33.44,43.56,653.1,51.21,13.83,40.33,23.77,1.8,29.840000000000003,1.766666666666662,26.1625,7.6,9.178235
2023-04-19,1.0,39.73,37.9,748.9,63.81,61.19,41.73,33.44,2.0,32.31333333333333,1.5999999999999952,26.606249,15.6,6.28713
2023-04-20,1.45,9.63,37.13,702.77,64.6,68.04,41.5,39.73,1.0,27.599999999999998,1.4833333333333287,26.697916,14.4,7.653705
2023-04-21,1.9,16.23,37.4,774.13,63.58,68.52,43.46,9.63,1.45,21.863333333333333,1.449999999999995,26.658333,21.799997,10.703569
2023-04-22,2.35,20.9,46.71,673.42,52.67,28.15,43.53,16.23,1.9,15.586666666666668,1.8999999999999952,26.733335,7.8,9.673221
2023-04-23,2.8,5.02,44.54,663.69,58.75,10.04,46.21,20.9,2.35,14.050000000000002,2.349999999999995,26.152082,7.4,13.104198
2023-04-24,3.25,10.64,42.27,705.59,63.14,27.3,45.55,5.02,2.8,12.186666666666667,2.7999999999999954,26.49792,8.5,14.512064
2023-04-25,6.5,15.87,48.54,671.35,46.65,25.06,36.0,10.64,3.25,10.510000000000003,4.183333333333329,26.19375,15.2,10.739832
2023-04-26,8.0,23.93,47.85,762.41,52.19,23.41,53.12,15.87,6.5,16.813333333333336,5.916666666666662,26.327082,1.4,10.703569
2023-04-27,7.5,23.8525,47.15416666666667,733.8983333333333,52.049166666666665,22.3225,51.81333333333333,23.93,8.0,21.2175,7.333333333333329,26.454168,9.1,12.261158
2023-04-28,7.0,23.775,46.458333333333336,705.3866666666667,51.90833333333333,21.235,50.50666666666666,23.8525,7.5,23.852500000000003,7.499999999999996,26.441666,5.099999,9.3876505
2023-04-29,6.5,23.697499999999998,45.7625,676.875,51.7675,20.1475,49.199999999999996,23.775,7.0,23.775000000000002,6.999999999999996,26.752083,6.2,9.339208
2023-04-30,6.0,23.62,45.06666666666667,648.3633333333333,51.626666666666665,19.06,47.89333333333333,23.697499999999998,6.5,23.6975,6.499999999999996,26.783333,9.400001,9.422101
2023-05-01,5.5,23.5425,44.37083333333334,619.8516666666667,51.48583333333333,17.9725,46.586666666666666,23.62,6.0,23.620000000000005,5.999999999999996,26.79167,3.7000003,6.638072
2023-05-02,5.0,23.465,43.675,591.3399999999999,51.345,16.884999999999998,45.28,23.5425,5.5,23.542500000000004,5.499999999999996,27.716665,3.7,7.072878
2023-05-03,4.5,23.3875,42.979166666666664,562.8283333333334,51.204166666666666,15.7975,43.97333333333333,23.465,5.0,23.465000000000003,4.999999999999996,27.118752,4.8999996,8.534353
2023-05-04,4.0,23.31,42.28333333333333,534.3166666666666,51.06333333333333,14.709999999999999,42.666666666666664,23.3875,4.5,23.387500000000003,4.499999999999996,27.025,4.1999993,9.107359
2023-05-05,3.5,23.2325,41.5875,505.80499999999995,50.9225,13.622499999999999,41.36,23.31,4.0,23.310000000000002,3.999999999999995,26.789583,21.000004,7.342588
2023-05-06,3.0,23.155,40.891666666666666,477.2933333333333,50.781666666666666,12.534999999999998,40.05333333333333,23.2325,3.5,23.232500000000005,3.499999999999995,26.1875,32.6,10.594036
2023-05-07,2.5,23.0775,40.19583333333333,448.78166666666664,50.64083333333333,11.4475,38.74666666666666,23.155,3.0,23.155,2.999999999999995,26.089586,7.0,11.592895
2023-05-08,2.0,23.0,39.5,420.27,50.5,10.36,37.44,23.0775,2.5,23.077500000000004,2.499999999999995,27.454165,0.2,11.298495
2023-05-09,1.5,32.0,41.94,335.48,51.29,15.33,19.0,23.0,2.0,26.02583333333334,1.9999999999999953,27.843752,0.0,9.422101
2023-05-10,1.0,26.0,43.79,226.94,55.75,32.77,25.5,32.0,1.5,27.0,1.4999999999999953,28.358332,0.4,9.178235
2023-05-11,8.0,16.0,40.56,254.94,54.19,34.25,32.82,26.0,1.0,24.666666666666668,3.499999999999995,27.527084,6.7,10.390226
2023-05-12,4.5,18.0,40.43,366.24,56.55,45.98,31.5,16.0,8.0,20.000000000000004,4.499999999999996,26.795837,12.6,7.9036193
2023-05-13,1.0,18.0,41.21,333.58,56.27,44.6,35.17,18.0,4.5,17.33333333333334,4.499999999999996,27.754168,0.1,6.9247384
2023-05-14,1.0,20.0,41.13,363.44,54.79,45.58,34.21,18.0,1.0,18.66666666666667,2.166666666666662,27.583334,0.8000001,10.041354
2023-05-15,2.0,32.0,41.04,471.19,55.23,37.15,38.57,20.0,1.0,23.33333333333334,1.3333333333333286,27.2875,4.3999996,7.072878
2023-05-16,1.0,25.0,41.79,500.63,54.35,34.54,38.9,32.0,2.0,25.66666666666667,1.3333333333333286,27.387495,1.3000001,6.489992
2023-05-17,1.0,26.0,40.13,546.38,59.04,32.85,40.63,25.0,1.0,27.66666666666667,1.3333333333333286,26.99792,25.099998,8.404285
2023-05-18,1.0,21.0,33.23,595.21,77.63,22.21,45.89,26.0,1.0,24.000000000000004,1.0,27.008333,6.8999996,8.217153
2023-05-19,1.0,21.0,34.94,622.79,72.9,28.23,47.62,21.0,1.0,22.66666666666667,1.0,26.247917,13.600001,10.028439
2023-05-20,1.0,13.0,49.29,622.58,62.0,19.29,45.92,21.0,1.0,18.33333333333334,1.0,27.025002,11.800001,11.27553
2023-05-21,1.0,14.0,49.0,673.19,62.94,18.73,50.33,13.0,1.0,16.000000000000004,1.0,26.302084,8.200001,7.208994
2023-05-22,1.0,30.0,47.33,695.04,59.85,23.63,46.34,14.0,1.0,19.000000000000004,1.0,26.550003,15.900001,13.202726
2023-05-23,1.4,14.0,46.77,650.02,55.96,37.44,50.31,30.0,1.0,19.33333333333334,1.1333333333333286,26.377083,14.800002,10.086427
2023-05-24,1.7999999999999998,31.0,46.17,742.98,55.19,39.13,46.52,14.0,1.4,25.000000000000004,1.399999999999995,26.589586,8.0,6.3690495
2023-05-25,2.2,29.0,45.27,575.25,54.9,40.44,46.08,31.0,1.7999999999999998,24.66666666666667,1.7999999999999954,27.012503,8.900001,12.096214
2023-05-26,2.5999999999999996,32.0,37.32,700.38,70.6,16.74,46.96,29.0,2.2,30.66666666666667,2.1999999999999953,26.133331,19.2,10.948973
2023-05-27,3.0,19.0,40.95,639.55,56.68,29.1,51.11,32.0,2.5999999999999996,26.66666666666667,2.599999999999995,25.918749,21.9,10.105681
2023-05-28,3.25,19.0,39.91,631.46,61.65,23.26,48.2,19.0,3.0,23.33333333333334,2.9499999999999953,27.018751,4.5,10.823973
2023-05-29,3.5,13.0,40.04,605.94,50.08,5.23,47.25,19.0,3.25,17.000000000000004,3.249999999999995,26.987497,8.6,9.178235
2023-05-30,3.75,14.0,39.69,591.83,50.6,5.0,47.02,13.0,3.5,15.333333333333337,3.499999999999995,27.53125,3.6,9.6932955
2023-05-31,4.0,28.0,41.35,686.79,48.73,7.54,45.7,14.0,3.75,18.33333333333334,3.749999999999995,27.891665,1.6,9.255571
2023-06-01,3.6666666666666665,9.02,51.98,642.02,32.77,36.06,52.35,28.0,4.0,17.00666666666667,3.8055555555555505,25.389585,8.3,10.446206
2023-06-02,3.3333333333333335,21.1,53.33,673.06,33.85,31.92,49.31,9.02,3.6666666666666665,19.37333333333334,3.666666666666662,27.645836,0.4,11.966954
2023-06-03,3.0,32.95,53.27,688.52,34.56,28.5,47.98,21.1,3.3333333333333335,21.02333333333334,3.3333333333333286,27.108332,13.9,12.879752
2023-06-04,2.666666666666667,23.83,43.35,712.4,49.88,38.08,51.3,32.95,3.0,25.960000000000008,2.999999999999995,25.964582,14.700003,9.346143
2023-06-05,2.3333333333333335,16.48,40.29,706.77,58.19,39.83,49.42,23.83,2.666666666666667,24.420000000000005,2.666666666666662,26.841667,0.3,8.78872
2023-06-06,2.0,24.35,40.88,692.23,58.04,39.94,48.44,16.48,2.3333333333333335,21.553333333333338,2.3333333333333286,26.812506,3.5,9.178235
2023-06-07,1.666666666666667,10.08,39.5,697.38,55.02,28.5,51.4,24.35,2.0,16.970000000000006,1.9999999999999953,26.5625,0.0,10.739832
2023-06-08,1.3333333333333335,23.67,44.58,706.98,51.29,36.73,50.21,10.08,1.666666666666667,19.366666666666674,1.6666666666666619,27.362501,0.0,9.83268
2023-06-09,1.0,24.08,48.56,713.46,52.31,51.27,49.73,23.67,1.3333333333333335,19.27666666666667,1.3333333333333288,27.039587,18.199999,13.584932
2023-06-10,4.0,22.87,45.3,788.85,47.93,41.83,61.08,24.08,1.0,23.540000000000006,2.1111111111111067,26.766665,11.099999,7.42159
2023-06-11,2.875,27.31,39.52,844.63,48.44,35.54,50.17,22.87,4.0,24.75333333333334,2.624999999999995,27.183332,4.7999997,10.948973
2023-06-12,1.75,11.87,39.91,745.3,58.83,33.72,59.34,27.31,2.875,20.683333333333337,2.874999999999995,26.904161,13.000001,16.641972
2023-06-13,5.0,26.77,34.91,775.95,70.82,51.68,91.11,11.87,1.75,21.983333333333338,3.2083333333333286,27.297918,2.3,10.703569
2023-06-14,3.0,33.905,35.595,654.075,69.25,42.92,71.685,26.77,5.0,24.181666666666672,3.249999999999995,26.852081,3.3,10.948973
2023-06-15,1.0,41.04,36.28,532.2,67.68,34.16,52.26,33.905,3.0,33.90500000000001,2.999999999999995,26.9125,6.3999996,6.618519
2023-06-16,1.0,35.13,39.17,474.4,66.09,29.28,9.33,41.04,1.0,36.69166666666667,1.6666666666666619,27.61042,0.0,8.942214
2023-06-17,1.0,57.58,43.65,476.65,61.69,30.06,3.56,35.13,1.0,44.58333333333334,1.0,27.716667,0.1,11.4862
2023-06-18,1.0,105.78,44.78,591.0,62.0,46.22,2.0,57.58,1.0,66.16333333333334,1.0,27.827082,0.0,6.924738
2023-06-19,1.0,83.84,43.39,496.4,49.15,36.51,13.214999999999998,105.78,1.0,82.40000000000002,1.0,27.533335,0.70000005,12.620554
2023-06-20,1.0,61.9,42.0,401.8,36.3,26.8,24.43,83.84,1.0,83.84,1.0,27.352087,0.0,8.707238
2023-06-21,1.0,33.85,41.63,424.5,36.13,25.31,21.15,61.9,1.0,59.863333333333344,1.0,27.943748,0.9,11.304229
2023-06-22,1.0,27.15,42.5,433.25,37.67,24.75,15.17,33.85,1.0,40.96666666666667,1.0,27.410416,6.9999995,11.592895
2023-06-23,1.0,29.83,42.9,472.92,40.56,25.19,12.65,27.15,1.0,30.27666666666667,1.0,25.968748,12.8,11.113451
2023-06-24,1.0,27.81,42.92,500.44,40.29,25.54,14.54,29.83,1.0,28.263333333333335,1.0,25.727087,16.000002,13.009903
2023-06-25,1.0,16.5,41.21,517.54,39.98,22.4,28.81,27.81,1.0,24.71333333333334,1.0,25.816668,13.100001,11.212135
2023-06-26,1.0,23.02,41.33,537.73,39.83,22.71,26.92,16.5,1.0,22.44333333333334,1.0,26.13125,4.3,11.119281
2023-06-27,1.0,13.88,41.25,515.5,39.94,21.96,31.73,23.02,1.0,17.800000000000004,1.0,26.59375,6.1,9.585739
2023-06-28,1.0,21.31,41.29,550.0,39.85,22.13,32.94,13.88,1.0,19.40333333333334,1.0,25.760414,17.800001,8.311245
2023-06-29,1.0,18.46,40.88,502.48,39.71,22.85,29.69,21.31,1.0,17.883333333333336,1.0,26.627085,4.7,8.161764
2023-06-30,1.0,10.24,40.98,515.61,39.73,22.95,32.05,18.46,1.0,16.670000000000005,1.0,26.264582,22.800001,10.495713
2023-07-01,1.0,10.246,40.967,503.716,39.857,25.488,32.641,10.24,1.0,12.982000000000005,1.0,26.683332,2.1000001,5.3999996
2023-07-02,1.0,10.252,40.954,491.822,39.983999999999995,28.026,33.232,10.246,1.0,10.246000000000004,1.0,26.983332,0.0,10.594036
2023-07-03,1.0,10.258000000000001,40.940999999999995,479.928,40.111,30.564,33.823,10.252,1.0,10.252000000000004,1.0,26.935415,0.2,9.746631
2023-07-04,1.0,10.264000000000001,40.928,468.034,40.238,33.102000000000004,34.414,10.258000000000001,1.0,10.258000000000004,1.0,26.995832,10.2,8.557102
2023-07-05,1.0,10.27,40.915,456.14,40.364999999999995,35.64,35.004999999999995,10.264000000000001,1.0,10.264000000000005,1.0,25.585417,25.000004,8.049845
2023-07-06,1.0,10.276,40.902,444.24600000000004,40.492,38.178,35.596,10.27,1.0,10.270000000000005,1.0,25.689583,6.7,8.0899935
2023-07-07,1.0,10.282,40.889,432.35200000000003,40.619,40.716,36.187,10.276,1.0,10.276000000000003,1.0,26.608332,6.6,10.086427
2023-07-08,1.0,10.288,40.876,420.458,40.746,43.254000000000005,36.778,10.282,1.0,10.282000000000005,1.0,26.308334,8.4,8.534353
2023-07-09,1.0,10.294,40.863,408.564,40.873,45.792,37.369,10.288,1.0,10.288000000000004,1.0,25.368752,16.4,8.707237
2023-07-10,1.0,10.3,40.85,396.67,41.0,48.33,37.96,10.294,1.0,10.294000000000006,1.0,25.968748,25.700003,13.246826
2023-07-11,1.0,10.52,41.6,361.46,41.0,48.06,11.31,10.3,1.0,10.371333333333338,1.0,25.893753,2.0,9.885262
2023-07-12,1.0,20.52,41.65,376.98,41.0,48.25,15.67,10.52,1.0,13.780000000000006,1.0,25.910418,9.6,8.557102
2023-07-13,1.0,38.06,41.79,388.6,41.06,48.63,16.15,20.52,1.0,23.033333333333342,1.0,25.991663,9.000001,13.779114
2023-07-14,1.0,22.33,41.96,414.88,41.75,48.65,19.79,38.06,1.0,26.97000000000001,1.0,25.247917,3.2,6.638072
2023-07-15,1.0,44.33,41.98,446.54,41.71,48.63,18.46,22.33,1.0,34.90666666666667,1.0,26.860418,0.1,6.3690495
2023-07-16,1.0,35.5,41.71,408.73,41.6,48.83,15.75,44.33,1.0,34.053333333333335,1.0,27.55625,0.0,7.42159
2023-07-17,1.0,26.5,41.94,363.88,41.69,48.81,17.56,35.5,1.0,35.443333333333335,1.0,26.716665,3.4999998,11.609651
2023-07-18,1.0,32.77,42.27,376.6,41.98,43.4,22.21,26.5,1.0,31.590000000000003,1.0,26.008333,10.900001,9.504272
2023-07-19,1.0,27.11,45.6,412.02,55.53,40.26,22.96,32.77,1.0,28.79333333333334,1.0,26.574999,4.8999996,11.792404
2023-07-20,1.0,16.21,46.1,394.6,56.0,39.96,24.6,27.11,1.0,25.36333333333334,1.0,25.28125,21.3,9.290511
2023-07-21,1.0,24.71,45.75,410.75,54.94,40.6,20.04,16.21,1.0,22.676666666666673,1.0,27.22083,0.6,10.08
2023-07-22,1.0,37.1,47.58,377.48,61.63,25.31,19.91,24.71,1.0,26.00666666666667,1.0,27.547918,0.2,11.592895
2023-07-23,1.3333333333333333,12.44,46.23,411.08,57.77,28.35,27.98,37.1,1.0,24.750000000000004,1.1111111111111063,26.877083,3.3000002,9.746631
2023-07-24,1.6666666666666665,12.02,43.42,368.33,61.13,34.06,26.5,12.44,1.3333333333333333,20.520000000000007,1.3333333333333286,26.645834,0.0,7.9036193
2023-07-25,2.0,28.81,44.42,345.1,51.67,50.58,51.24,12.02,1.6666666666666665,17.75666666666667,1.6666666666666619,27.989584,0.0,8.714677
2023-07-26,1.875,28.71,45.17,261.25,50.48,57.9,24.38,28.81,2.0,23.180000000000007,1.8472222222222177,28.335417,0.0,9.605998
2023-07-27,1.75,33.0,45.42,273.85,51.17,57.69,26.46,28.71,1.875,30.173333333333336,1.8749999999999953,28.181252,0.1,10.041354
2023-07-28,1.625,50.13,45.67,283.46,51.46,57.98,25.81,33.0,1.75,37.28000000000001,1.7499999999999953,28.535416,0.3,8.587338
2023-07-29,1.5,43.08,45.42,279.27,51.5,57.48,27.21,50.13,1.625,42.07000000000001,1.6249999999999953,27.950005,0.4,15.03835
2023-07-30,1.375,34.35,45.46,286.63,51.54,57.27,28.92,43.08,1.5,42.52,1.4999999999999953,27.975004,0.6,16.434305
2023-07-31,1.25,26.17,46.27,341.29,53.35,56.79,34.81,34.35,1.375,34.53333333333334,1.3749999999999953,27.414583,0.2,13.608762
2023-08-01,1.125,36.0,46.69,400.92,53.77,56.81,35.79,26.17,1.25,32.17333333333334,1.2499999999999953,27.089584,20.5,10.041354
2023-08-02,1.0,28.42,45.65,428.06,49.27,51.06,32.83,36.0,1.125,30.196666666666673,1.1249999999999953,27.43125,10.7,9.339208
2023-08-03,1.0,15.75,43.44,278.31,35.4,32.15,28.63,28.42,1.0,26.72333333333334,1.0416666666666619,26.639585,0.7,13.246826
2023-08-04,1.0,15.88,41.48,295.46,34.33,33.77,19.71,15.75,1.0,20.016666666666673,1.0,26.914583,4.2,14.039999
2023-08-05,1.0,25.6,41.6,233.6,34.98,32.73,21.63,15.88,1.0,19.07666666666667,1.0,26.581247,13.699999,12.682018
2023-08-06,1.0,36.31,42.58,276.4,36.73,30.04,21.19,25.6,1.0,25.930000000000007,1.0,27.600004,0.4,9.290511
2023-08-07,1.0,48.52,44.33,259.81,39.69,27.27,19.23,36.31,1.0,36.81000000000001,1.0,27.866667,0.8000001,9.686609
2023-08-08,11.98,28.21,45.1,238.65,40.29,25.94,22.15,48.52,1.0,37.68000000000001,4.659999999999996,25.893751,14.500001,15.1884165
2023-08-09,22.96,23.94,45.33,400.29,45.08,31.98,26.27,28.21,11.98,33.55666666666667,11.979999999999995,25.839582,4.3,10.105681
2023-08-10,33.940000000000005,45.38,42.44,469.67,50.35,42.42,20.54,23.94,22.96,32.510000000000005,22.959999999999997,26.04583,3.1999998,9.531505
2023-08-11,44.92,31.31,32.5,2357.71,43.0,34.42,29.79,45.38,33.940000000000005,33.543333333333344,33.94,26.560415,5.5999994,8.759178
2023-08-12,30.33,29.1,16.81,3368.46,11.96,22.69,43.42,31.31,44.92,35.263333333333335,36.39666666666667,26.058332,6.5000005,7.42159
2023-08-13,46.69,45.5,50.23,730.5,37.44,23.27,47.69,29.1,30.33,35.303333333333335,40.64666666666666,25.637499,8.5,8.161764
2023-08-14,30.67,28.88,47.71,651.69,43.48,28.21,49.83,45.5,46.69,34.49333333333333,35.89666666666666,25.24375,7.2,10.948973
2023-08-15,28.83,28.19,41.31,672.79,52.05,36.05,43.86,28.88,30.67,34.190000000000005,35.39666666666666,26.091667,1.5,12.10157
2023-08-16,29.48,28.46,36.0,613.1,63.42,44.79,46.35,28.19,28.83,28.510000000000005,29.659999999999997,25.593752,25.300003,11.659777
2023-08-17,32.52,32.48,40.38,695.94,59.46,49.23,50.71,28.46,29.48,29.710000000000008,30.27666666666666,25.39583,14.3,9.255571
2023-08-18,35.38,35.13,44.1,649.65,56.25,44.15,50.5,32.48,32.52,32.02333333333334,32.46,26.243752,0.70000005,10.799999
2023-08-19,26.67,24.85,45.02,619.96,55.98,44.44,52.27,35.13,35.38,30.820000000000004,31.52333333333333,25.172915,38.3,9.726664
2023-08-20,22.42,21.35,45.04,657.77,53.65,44.88,53.9,24.85,26.67,27.110000000000003,28.156666666666666,26.0625,24.8,9.449572
2023-08-21,17.48,16.38,46.42,700.75,54.58,39.04,53.29,21.35,22.42,20.860000000000003,22.189999999999998,25.033333,4.5999994,10.990322
2023-08-22,41.33,40.15,46.88,706.44,46.73,39.1,54.92,16.38,17.48,25.960000000000008,27.076666666666664,26.710417,0.3,7.968939
2023-08-23,37.02,35.67,47.42,608.31,44.88,37.79,54.29,40.15,41.33,30.733333333333338,31.943333333333328,27.36042,0.5,10.233123
2023-08-24,29.67,29.06,44.73,619.54,53.42,58.21,54.02,35.67,37.02,34.96000000000001,36.00666666666666,26.795832,1.7,15.175612
2023-08-25,32.69,31.4,43.33,626.79,57.65,65.15,54.79,29.06,29.67,32.04333333333334,33.126666666666665,25.735415,17.5,14.57889
2023-08-26,29.1,27.51,44.23,637.18,58.95,49.23,50.71,31.4,32.69,29.323333333333338,30.48666666666666,25.497917,7.5,11.923557
2023-08-27,28.52,27.23,44.92,572.46,56.48,21.94,53.29,27.51,29.1,28.71333333333334,30.103333333333328,26.447916,4.6,8.089993
2023-08-28,19.13,17.65,45.35,533.63,56.48,21.85,55.31,27.23,28.52,24.130000000000006,25.58333333333333,25.727087,47.299995,10.538843
2023-08-29,17.19,15.98,45.92,607.08,56.56,21.56,55.75,17.65,19.13,20.286666666666672,21.61333333333333,25.849998,15.9,9.422101
2023-08-30,25.62,24.51,45.06,648.64,46.4,47.02,56.85,15.98,17.19,19.380000000000006,20.646666666666665,26.6,5.7,10.137692
2023-08-31,49.69,47.38,43.92,658.06,43.69,57.06,55.33,24.51,25.62,29.290000000000006,30.83333333333333,26.020834,14.799999,15.778516
2023-09-01,55.13,52.79,43.67,644.1,43.6,56.69,52.94,47.38,49.69,41.56,43.48,27.552078,0.2,12.245293
2023-09-02,79.73,78.98,44.6,636.63,43.42,56.75,52.29,52.79,55.13,59.716666666666676,61.51666666666666,27.541666,0.0,8.287822
2023-09-03,56.81,54.98,43.38,630.65,52.5,31.19,51.77,78.98,79.73,62.25000000000001,63.88999999999999,27.697916,0.3,11.808878
2023-09-04,63.85,61.77,43.79,689.65,57.42,22.54,54.23,54.98,56.81,65.24333333333334,66.79666666666667,27.318748,1.1000001,13.104198
2023-09-05,52.81,51.6,43.75,678.13,57.35,22.9,53.77,61.77,63.85,56.116666666666674,57.82333333333332,26.385414,16.900002,10.086427
2023-09-06,40.51,39.98,44.02,745.5,51.23,51.79,56.04,51.6,52.81,51.116666666666674,52.389999999999986,24.995834,14.000002,10.308831
2023-09-07,33.56,33.04,47.04,749.56,37.42,72.96,57.04,39.98,40.51,41.54,42.29333333333333,26.4625,0.2,11.753877
2023-09-08,37.78,35.93,45.02,835.39,35.8,75.13,53.38,33.04,33.56,36.31666666666667,37.283333333333324,26.477081,3.2,10.195057
2023-09-09,22.34,21.57,47.13,691.96,42.15,56.77,45.36,35.93,37.78,30.180000000000007,31.22666666666666,25.783335,23.7,9.007196
2023-09-10,29.17,27.04,46.29,661.15,42.08,57.35,56.29,21.57,22.34,28.180000000000007,29.763333333333325,25.981253,10.700002,10.799999
2023-09-11,32.06,30.6,47.17,662.67,41.94,56.77,57.17,27.04,29.17,26.403333333333336,27.85666666666666,26.837502,0.5,14.264361
2023-09-12,45.29,44.1,46.94,616.35,41.46,55.88,55.38,30.6,32.06,33.913333333333334,35.50666666666666,27.685415,0.0,11.4862
2023-09-13,32.52,30.96,47.08,585.71,41.25,55.17,55.33,44.1,45.29,35.220000000000006,36.62333333333333,27.662498,0.4,9.504273
2023-09-14,40.44,38.77,47.94,559.9,46.1,55.38,54.04,30.96,32.52,37.943333333333335,39.41666666666666,27.539581,0.70000005,13.70839
2023-09-15,44.5,42.46,48.54,552.89,46.67,60.65,48.87,38.77,40.44,37.396666666666675,39.15333333333333,27.583336,0.1,16.199999
2023-09-16,37.35,35.73,47.69,579.73,44.75,73.85,54.77,42.46,44.5,38.98666666666667,40.76333333333332,28.039583,0.1,13.044722
2023-09-17,52.31,50.48,47.52,571.52,44.85,74.06,55.17,35.73,37.35,42.89000000000001,44.71999999999999,27.352087,13.5,11.200571
2023-09-18,40.04,38.33,47.77,585.85,47.04,75.79,55.31,50.48,52.31,41.513333333333335,43.23333333333333,26.466667,6.6,15.580141
2023-09-19,50.85,49.42,47.85,602.38,47.23,76.5,55.67,38.33,40.04,46.076666666666675,47.73333333333333,27.191668,5.2,9.83268
2023-09-20,24.88,23.77,48.1,601.9,46.69,75.04,55.58,49.42,50.85,37.17333333333334,38.589999999999996,25.677084,27.0,9.605998
2023-09-21,21.15,20.38,48.62,612.31,51.77,77.0,59.15,23.77,24.88,31.19000000000001,32.29333333333332,26.468748,19.0,11.159999
2023-09-22,17.88,24.97,47.17,622.935,50.635000000000005,46.905,56.355000000000004,20.38,21.15,23.040000000000003,21.303333333333324,25.541666,21.1,8.435069
2023-09-23,14.61,29.56,45.72,633.56,49.5,16.81,53.56,24.97,17.88,24.970000000000002,17.879999999999992,26.683334,2.4999998,13.797913
2023-09-24,10.13,23.9,45.65,588.25,55.25,15.13,57.02,29.56,14.61,26.143333333333334,14.206666666666656,26.091665,11.4000025,11.753876
2023-09-25,8.72,38.42,45.69,615.06,53.48,17.13,55.69,23.9,10.13,30.62666666666667,11.153333333333324,27.260414,0.0,8.913181
2023-09-26,20.12,57.0,45.06,584.58,53.44,16.9,55.4,38.42,8.72,39.77333333333333,12.98999999999999,27.410418,0.1,12.074766
2023-09-27,15.66,48.38,45.91,580.33,52.96,16.94,55.4,57.0,20.12,47.93333333333334,14.833333333333323,27.287498,0.2,15.856354
2023-09-28,31.2,75.48,45.63,595.0,52.85,16.4,55.83,48.38,15.66,60.28666666666667,22.326666666666657,27.808332,0.1,11.298495
2023-09-29,22.74,81.54,45.29,583.33,52.52,17.02,55.4,75.48,31.2,68.46666666666668,23.19999999999999,27.689585,0.3,10.703569
2023-09-30,13.14,112.15,44.44,600.25,55.63,16.19,56.44,81.54,22.74,89.72333333333336,22.35999999999999,27.462503,4.0,9.605998
2023-10-01,7.21,102.33,44.19,606.19,58.95,14.9,56.81,112.15,13.14,98.67333333333335,14.363333333333323,26.170835,25.500004,13.684735
2023-10-02,39.03,66.0,39.39,656.45,54.29,75.68,43.17,102.33,7.21,93.49333333333334,19.793333333333326,26.604166,38.5,8.473393
2023-10-03,57.79,61.25,35.81,816.15,63.49,61.89,57.28,66.0,39.03,76.52666666666669,34.676666666666655,27.097918,2.4999995,10.182337
2023-10-04,88.42,81.48,32.0,785.46,74.6,44.69,66.0,61.25,57.79,69.57666666666667,61.74666666666666,27.829165,0.4,7.4128532
2023-10-05,63.83,54.79,36.88,825.5,58.15,35.1,65.98,81.48,88.42,65.84,70.01333333333332,26.766665,4.5999994,12.7279215
2023-10-06,61.38,50.44,43.44,832.38,43.52,34.98,66.0,54.79,63.83,62.23666666666667,71.21,26.872917,12.6,15.876775
2023-10-07,78.23,55.21,45.19,783.27,44.54,32.73,66.0,50.44,61.38,53.48,67.81333333333332,26.5625,21.7,10.182337
2023-10-08,112.1,93.42,43.6,1043.19,44.79,38.06,66.0,55.21,78.23,66.35666666666667,83.90333333333332,27.58333,1.4000001,11.753876
2023-10-09,41.44,33.81,45.67,703.06,45.75,33.9,66.0,93.42,112.1,60.81333333333334,77.25666666666665,26.935417,1.7000002,12.7279215
2023-10-10,40.5,33.67,46.29,757.46,46.42,32.08,66.0,33.81,41.44,53.63333333333335,64.67999999999999,26.760416,4.4999995,9.449572
2023-10-11,56.5,40.69,46.0,804.88,45.98,31.21,66.0,33.67,40.5,36.05666666666667,46.146666666666654,27.164581,2.1000001,10.883676
2023-10-12,49.79,41.83,45.81,783.04,45.13,31.33,66.0,40.69,56.5,38.730000000000004,48.929999999999986,27.308332,8.799999,12.245294
2023-10-13,62.33,53.31,45.33,875.58,45.08,31.85,66.0,41.83,49.79,45.27666666666667,56.206666666666656,27.341667,5.1999993,13.684735
2023-10-14,75.63,69.06,44.4,960.38,44.73,30.96,66.0,53.31,62.33,54.73333333333334,62.58333333333332,27.695833,0.7,11.440979
2023-10-15,62.63,52.85,44.13,854.0,46.98,31.25,66.0,69.06,75.63,58.40666666666667,66.86333333333333,27.052086,16.9,9.72
2023-10-16,60.9,56.83,45.81,929.63,47.1,33.15,66.0,52.85,62.63,59.580000000000005,66.38666666666666,27.439589,10.5,9.885262
2023-10-17,101.87,71.38,44.63,950.6,45.02,34.42,66.0,56.83,60.9,60.35333333333333,75.13333333333333,27.741663,2.0,11.183201
2023-10-18,81.73,72.04,45.04,855.71,47.04,33.44,66.0,71.38,101.87,66.75,81.5,26.679169,5.2000003,10.483357
2023-10-19,50.19,48.23,46.58,799.5,49.04,34.42,66.0,72.04,81.73,63.88333333333333,77.92999999999999,25.854166,23.800003,8.654987
2023-10-20,21.54,19.33,47.0,776.94,48.77,32.29,66.0,48.23,50.19,46.53333333333333,51.15333333333333,25.962496,16.2,8.587338
2023-10-21,35.79,30.79,46.1,806.46,46.77,32.1,66.0,19.33,21.54,32.78333333333333,35.83999999999999,25.402084,7.0,10.464798
2023-10-22,23.69,21.5,46.48,810.5,48.9,31.92,66.0,30.79,35.79,23.873333333333335,27.006666666666657,26.102083,26.300001,11.609651
2023-10-23,30.25,22.98,46.25,741.15,47.58,31.94,45.29,21.5,23.69,25.09,29.909999999999993,26.550001,3.2999997,6.638072
2023-10-24,19.02,15.29,31.44,920.83,49.07,35.33,24.58,22.98,30.25,19.923333333333332,24.319999999999993,25.666666,22.4,9.449572
2023-10-25,23.35,20.63,10.94,1362.48,61.60666666666667,63.69,1.94,15.29,19.02,19.633333333333333,24.20666666666666,25.577085,8.500001,7.5942082
2023-10-26,16.54,13.69,14.0,1236.19,74.14333333333335,63.56,1.98,20.63,23.35,16.536666666666665,19.63666666666666,25.783333,14.599999,9.605998
2023-10-27,43.21,36.54,15.4,1467.63,86.68,84.92,2.0,13.69,16.54,23.619999999999994,27.69999999999999,26.402082,11.0,8.089993
2023-10-28,81.6,72.72,18.83,1352.69,72.56,90.42,2.0,36.54,43.21,40.98333333333333,47.11666666666665,27.197916,0.4,9.0645685
2023-10-29,26.23,20.4,15.5,1305.17,83.31,84.25,2.0,72.72,81.6,43.22,50.34666666666666,25.422913,17.800001,9.387651
2023-10-30,48.63,40.83,13.9,1420.54,85.77,85.63,2.0,20.4,26.23,44.65,52.15333333333333,26.464582,7.6,8.0899935
2023-10-31,47.35,37.63,13.5,1306.94,82.02,86.69,2.0,40.83,48.63,32.95333333333333,40.73666666666666,25.591667,14.9,9.449572
2023-11-01,46.98,40.31,78.52,1326.08,88.04,11.75,2.0,37.63,47.35,39.59,47.65333333333333,26.020834,12.8,6.0347
2023-11-02,32.69,27.35,71.29,1239.23,88.54,11.02,2.0,40.31,46.98,35.096666666666664,42.33999999999999,26.112497,12.300001,12.7279215
2023-11-03,51.29,41.81,60.88,1293.46,93.38,9.83,2.0,27.35,32.69,36.49,43.653333333333315,26.949997,15.2,9.422101
2023-11-04,41.63,33.73,55.96,1239.13,100.88,14.52,2.0,41.81,51.29,34.29666666666667,41.86999999999999,26.433332,15.000001,12.074766
2023-11-05,23.58,19.92,58.35,1271.88,94.54,9.23,1.98,33.73,41.63,31.819999999999997,38.83333333333332,26.441664,4.9999995,7.491114
2023-11-06,18.67,16.04,50.4,1213.85,94.67,7.52,2.0,19.92,23.58,23.23,27.959999999999994,26.46875,22.5,11.212135
2023-11-07,18.75,21.08,64.33,1269.35,89.44,7.94,2.0,16.04,18.67,19.013333333333332,20.333333333333325,25.868752,12.299999,10.137692
2023-11-08,17.44,20.54,81.35,1456.4,86.54,10.85,2.0,21.08,18.75,19.22,18.286666666666658,26.233332,10.700001,7.0911775
2023-11-09,22.55,22.21,72.33,1209.67,87.21,11.08,2.0,20.54,17.44,21.276666666666667,19.57999999999999,25.739586,15.700001,8.669949
2023-11-10,23.79,24.0,69.98,1327.4,85.21,10.5,1.98,22.21,22.55,22.25,21.25999999999999,26.616667,7.7,6.519877
2023-11-11,26.43,25.65,68.5,1371.0,88.27,12.79,2.0,24.0,23.79,23.953333333333333,24.25666666666666,27.062502,4.8,8.766573
2023-11-12,21.76,25.46,54.27,1215.83,97.46,12.94,2.0,25.65,26.43,25.036666666666665,23.993333333333325,26.664581,20.2,9.885262
2023-11-13,12.56,20.35,49.65,1202.13,93.15,7.06,2.0,25.46,21.76,23.820000000000004,20.24999999999999,26.352081,25.500002,9.220499
2023-11-14,7.57,13.69,75.06,1270.31,70.88,6.48,1.94,20.35,12.56,19.833333333333332,13.963333333333324,25.347918,20.999998,9.511088
2023-11-15,13.2,25.42,62.98,1301.98,89.08,9.0,2.0,13.69,7.57,19.82,11.10999999999999,27.137499,18.8,11.609651
2023-11-16,18.97,26.08,48.94,1219.81,99.81,10.15,2.0,25.42,13.2,21.73,13.246666666666655,26.264585,31.400003,10.948973
2023-11-17,4.59,11.83,39.04,1200.71,88.19,7.02,2.0,26.08,18.97,21.11,12.253333333333321,26.243752,1.1,11.753876
2023-11-18,11.42,28.1,54.21,1295.85,82.6,6.27,2.0,11.83,4.59,22.00333333333333,11.65999999999999,26.429167,16.8,14.512064
2023-11-19,9.95,23.1,73.33,1399.54,80.85,15.02,2.0,28.1,11.42,21.01,8.653333333333324,26.027082,13.400001,9.47012
2023-11-20,12.86,15.23,70.04,1264.27,80.65,8.69,2.0,23.1,9.95,22.143333333333334,11.40999999999999,27.01042,5.5999994,9.178235
2023-11-21,7.85,15.95,52.25,1215.04,90.58,8.13,2.0,15.23,12.86,18.093333333333334,10.21999999999999,25.831253,14.500001,9.686609
2023-11-22,22.1,20.86,53.08,1202.48,90.06,7.52,2.0,15.95,7.85,17.346666666666668,14.26999999999999,26.866667,3.8999994,10.00256
2023-11-23,32.46,39.4,60.77,1263.85,81.25,11.21,2.0,20.86,22.1,25.403333333333336,20.803333333333324,26.17708,10.4,11.119281
2023-11-24,24.2,27.74,53.51,1196.15,86.89,8.44,1.83,39.4,32.46,29.333333333333332,26.253333333333327,25.708334,16.400002,10.636766
2023-11-25,17.96,15.96,120.33,1104.07,155.0,28.32,1.04,27.74,24.2,27.7,24.873333333333324,25.65625,25.800001,8.350138
2023-11-26,15.5,12.21,38.0,1128.06,191.44,25.13,1.0,15.96,17.96,18.636666666666667,19.219999999999988,25.587502,19.5,9.422101
2023-11-27,15.63,12.42,27.85,1129.17,170.96,1.6,1.0,12.21,15.5,13.530000000000001,16.363333333333323,26.104162,7.5000005,8.161764
2023-11-28,36.4,33.27,35.04,1109.0,173.02,6.97,1.0,12.42,15.63,19.3,22.50999999999999,26.268751,7.9999995,8.4042845
2023-11-29,28.88,26.1,36.35,1141.15,179.63,3.72,1.0,33.27,36.4,23.930000000000003,26.969999999999988,26.372917,8.099999,10.966713
2023-11-30,17.17,15.06,37.56,1067.52,170.44,4.86,1.0,26.1,28.88,24.810000000000002,27.483333333333324,25.55625,64.6,12.303366
2023-12-01,26.29,23.4,40.9,1067.65,182.56,3.65,1.0,15.06,17.17,21.52,24.11333333333332,25.956247,5.5,11.592894
2023-12-02,26.46,22.94,34.77,1062.08,173.71,3.36,1.0,23.4,26.29,20.46666666666667,23.306666666666658,26.066668,8.1,11.177405
2023-12-03,20.73,18.19,38.17,1024.81,183.81,2.14,1.0,22.94,26.46,21.51,24.49333333333332,25.84375,0.6,10.446206
2023-12-04,11.71,9.58,32.1,1033.63,176.73,1.97,1.0,18.19,20.73,16.903333333333332,19.633333333333322,25.860418,1.6,6.8777895
2023-12-05,20.81,15.75,39.69,1069.29,178.96,3.3,1.0,9.58,11.71,14.506666666666668,17.74999999999999,26.793747,24.300001,12.245293
2023-12-06,17.25,14.7,31.1,1052.52,169.02,2.7,1.0,15.75,20.81,13.343333333333334,16.58999999999999,25.377083,8.6,7.8954163
2023-12-07,32.15,26.4,38.29,1112.04,173.67,6.7,1.0,14.7,17.25,18.95,23.403333333333318,26.272919,16.9,12.879752
2023-12-08,27.63,22.46,42.52,1115.75,176.19,3.42,1.0,26.4,32.15,21.186666666666667,25.67666666666665,26.152084,16.9,9.0645685
2023-12-09,29.25,20.44,48.67,1107.92,178.68,6.7,1.0,22.46,27.63,23.099999999999998,29.67666666666665,26.272917,5.8999996,9.449572
2023-12-10,26.06,19.54,41.81,1073.48,183.6,5.05,1.0,20.44,29.25,20.813333333333333,27.646666666666658,25.781248,8.300001,10.44
2023-12-11,20.02,16.69,50.48,1030.08,179.58,3.85,1.0,19.54,26.06,18.89,25.10999999999999,26.029167,17.4,13.53236
2023-12-12,9.72,8.02,48.35,1007.42,176.16,3.68,1.0,16.69,20.02,14.75,18.59999999999999,25.277082,4.5999994,10.195057
2023-12-13,20.23,17.42,43.79,1054.21,179.0,3.31,1.0,8.02,9.72,14.043333333333335,16.656666666666656,26.49792,1.9000001,12.074766
2023-12-14,22.88,17.71,40.67,1128.46,176.4,3.51,1.0,17.42,20.23,14.383333333333335,17.60999999999999,25.88125,15.500001,9.504272
2023-12-15,24.35,20.3,45.94,1107.38,178.43,4.33,1.0,17.71,22.88,18.47666666666667,22.486666666666654,26.179167,16.7,10.041354
2023-12-16,15.96,13.19,34.56,1025.4,181.6,3.52,1.0,20.3,24.35,17.066666666666666,21.063333333333322,25.904167,21.100004,8.647496
2023-12-17,25.52,19.29,49.21,1144.0,177.03,6.0,1.0,13.19,15.96,17.59333333333333,21.943333333333317,25.781252,21.1,9.339208
2023-12-18,17.5,13.88,34.79,1097.67,168.46,3.89,1.0,19.29,25.52,15.453333333333333,19.659999999999986,25.066666,23.1,10.365251
2023-12-19,16.1,13.73,29.17,1085.98,165.63,3.73,1.0,13.88,17.5,15.633333333333333,19.706666666666653,25.699997,17.300001,7.145796
2023-12-20,26.83,21.38,37.38,1105.38,168.87,4.09,1.0,13.73,16.1,16.330000000000002,20.14333333333332,25.764582,7.6999993,8.311245
2023-12-21,15.44,12.23,38.9,1075.58,172.79,3.74,1.0,21.38,26.83,15.780000000000001,19.456666666666653,25.564583,12.7,10.041354
2023-12-22,24.29,20.68,35.73,1080.35,168.96,3.59,1.0,12.23,15.44,18.096666666666668,22.186666666666653,25.11875,23.4,8.14587
2023-12-23,18.23,16.31,30.63,1090.04,167.06,3.13,1.0,20.68,24.29,16.406666666666666,19.31999999999999,26.170832,2.4,8.435069
2023-12-24,19.4,17.78,39.6,1081.77,185.98,5.68,1.0,16.31,18.23,18.256666666666664,20.639999999999986,26.012497,17.699997,11.013882
2023-12-25,18.04,16.5,25.4,1042.19,176.4,4.03,1.0,17.78,19.4,16.863333333333333,18.556666666666654,25.264585,7.799999,9.114471
2023-12-26,8.25,6.94,42.0,1706.64,177.17,36.18,1.0,16.5,18.04,13.74,15.229999999999984,24.6,21.7,9.007196
2023-12-27,11.13,9.6,46.29,971.88,182.84,42.75,1.0,6.94,8.25,11.013333333333334,12.473333333333322,24.9375,46.599995,10.630672
2023-12-28,14.4,9.21,53.35,1135.06,168.84,55.57,1.0,9.6,11.13,8.583333333333334,11.25999999999999,25.018747,30.000002,8.654986
2023-12-29,19.19,18.23,51.79,1568.14,195.03,57.07,1.0,9.21,14.4,12.346666666666666,14.906666666666657,25.362501,21.3,7.8954163
2023-12-30,15.13,12.8,57.94,1253.5,210.36,86.9,1.0,18.23,19.19,13.413333333333334,16.239999999999988,25.270834,19.1,9.3669195
2023-12-31,19.71,18.75,61.88,1614.28,214.33,50.09,1.0,12.8,15.13,16.593333333333334,18.009999999999987,25.543753,28.200003,8.311245
2024-01-01,13.04,29.33,25.9,3763.83,215.74,64.56,1.0,18.75,19.71,20.293333333333333,15.959999999999987,25.860418,5.399999,9.565437
2024-01-02,15.52,25.13,24.71,2811.53,207.59,61.08,1.0,29.33,13.04,24.403333333333336,16.08999999999999,26.5,8.5,10.483357
2024-01-03,16.04,38.67,24.79,3060.5,205.54,74.4,1.0,25.13,15.52,31.043333333333333,14.866666666666655,25.347918,18.199999,6.638072
2024-01-04,19.69,38.32,25.21,3675.08,200.89,57.94,1.0,38.67,16.04,34.04,17.08333333333332,26.070833,0.3,8.913181
2024-01-05,20.17,52.83,26.34,1429.83,204.47,60.67,1.0,38.32,19.69,43.27333333333333,18.633333333333322,25.416666,13.799999,12.538134
2024-01-06,12.0,35.38,24.46,4132.62,194.64,55.3,1.0,52.83,20.17,42.17666666666667,17.286666666666658,24.879166,19.100004,7.6367526
2024-01-07,10.92,16.58,25.91,2599.5,203.49,54.56,1.0,35.38,12.0,34.93,14.363333333333323,24.433332,11.299999,12.144331
2024-01-08,17.06,26.72,24.22,938.89,199.43,58.65,1.0,16.58,10.92,26.22666666666667,13.326666666666654,25.066668,11.700001,9.511088
2024-01-09,12.46,16.0,27.55,247.5,199.21,45.09,1.0,26.72,17.06,19.766666666666666,13.479999999999988,25.327085,24.600002,13.797913
2024-01-10,9.15,20.68,26.53,75.4,199.29,43.2,1.0,16.0,12.46,21.133333333333333,12.889999999999986,24.72917,31.900002,9.19939
2024-01-11,21.81,33.54,26.92,20.17,196.41,33.73,1.0,20.68,9.15,23.406666666666666,14.473333333333322,25.427084,6.9999995,14.291592
2024-01-12,13.0,26.1,24.93,218.18,196.55,29.13,1.0,33.54,21.81,26.77333333333333,14.653333333333322,24.918749,12.999999,9.220499
2024-01-13,33.67,44.09,26.6,483.27,202.82,44.12,1.0,26.1,13.0,34.57666666666667,22.826666666666654,25.729166,0.1,9.1641035
2024-01-14,32.88,37.9,25.57,165.0,200.64,37.41,1.0,44.09,33.67,36.03,26.516666666666655,26.564585,0.8,12.599998
2024-01-15,36.29,37.29,24.53,372.38,192.83,32.19,1.0,37.9,32.88,39.76,34.279999999999994,25.322916,21.1,14.693999
2024-01-16,20.81,22.5,24.4,226.21,206.23,33.07,1.0,37.29,36.29,32.56333333333333,29.99333333333332,25.179167,8.8,17.114204
2024-01-17,11.47,17.9,25.74,566.16,200.02,31.95,1.0,22.5,20.81,25.896666666666665,22.856666666666655,24.916666,30.800003,10.009036
2024-01-18,1.72,17.27,25.35,234.91,200.75,39.13,1.0,17.9,11.47,19.223333333333333,11.333333333333321,24.929169,32.999996,12.229406
2024-01-19,15.76,30.44,25.56,436.13,198.41,25.45,1.0,17.27,1.72,21.87,9.64999999999999,24.866667,27.2,11.304229
2024-01-20,20.79,26.02,25.17,606.63,205.1,35.91,1.0,30.44,15.76,24.576666666666668,12.756666666666655,25.239586,8.0,8.654986
2024-01-21,18.34,38.59,24.48,671.07,202.05,31.89,1.0,26.02,20.79,31.683333333333337,18.296666666666656,26.4,0.2,11.165805
2024-01-22,37.54,45.74,25.23,777.79,201.3,37.12,1.0,38.59,18.34,36.78333333333334,25.556666666666654,26.54167,5.1,14.007655
2024-01-23,6.63,37.07,25.51,785.65,201.07,31.3,1.0,45.74,37.54,40.46666666666667,20.836666666666655,25.216667,35.1,10.296251
2024-01-24,5.53,39.51,26.77,715.5,201.68,30.18,1.0,37.07,6.63,40.77333333333333,16.566666666666652,25.643751,19.100004,10.990322
2024-01-25,6.76,23.73,29.0,598.88,200.51,34.2,1.0,39.51,5.53,33.43666666666666,6.306666666666655,25.158333,17.300001,11.457958
2024-01-26,6.33,14.5,29.4,840.18,209.66,31.64,1.0,23.73,6.76,25.91333333333333,6.2066666666666555,25.368752,6.499999,9.931042
2024-01-27,7.06,18.4,30.83,1018.69,202.89,29.02,1.0,14.5,6.33,18.876666666666665,6.716666666666654,25.335417,20.499998,9.746631
2024-01-28,2.36,22.64,30.85,1007.54,204.83,30.32,1.0,18.4,7.06,18.513333333333332,5.2499999999999885,25.475,4.4999995,9.659814
2024-01-29,8.29,30.29,36.43,658.22,209.03,44.67,1.0,22.64,2.36,23.776666666666667,5.903333333333322,26.270834,2.2,9.220499
2024-01-30,6.74,44.33,33.33,565.15,199.3,30.42,1.0,30.29,8.29,32.42,5.796666666666655,25.995832,0.90000004,8.350138
2024-01-31,5.54,47.73,31.81,591.7,198.83,37.2,1.0,44.33,6.74,40.78333333333333,6.856666666666655,26.827082,1.2,9.904906
2024-02-01,20.0,37.0,22.0,600.0,199.0,25.0,1.0,47.73,5.54,43.02,10.75999999999999,26.300001,8.400001,9.007196
2024-02-02,14.0,30.0,23.0,590.0,200.0,35.0,1.0,37.0,20.0,38.24333333333333,13.179999999999987,25.614584,12.9,13.53236
2024-02-03,3.0,9.0,18.0,516.0,203.0,29.0,1.0,30.0,14.0,25.333333333333332,12.333333333333321,25.36875,19.7,8.766573
2024-02-04,6.0,13.0,5.0,724.0,170.0,65.0,1.0,9.0,3.0,17.333333333333332,7.6666666666666545,26.610418,3.8,8.766573
2024-02-05,4.0,15.0,3.0,1724.0,170.0,158.0,1.0,13.0,6.0,12.333333333333334,4.3333333333333215,25.877085,21.900002,10.308831
2024-02-06,7.0,22.0,11.0,1380.0,209.0,9.0,1.0,15.0,4.0,16.666666666666668,5.6666666666666545,26.620834,11.5,11.043261
2024-02-07,6.0,22.0,11.0,1613.0,206.0,6.0,1.0,22.0,7.0,19.666666666666668,5.6666666666666545,25.747917,13.099999,9.178235
2024-02-08,6.0,27.0,14.0,1483.0,211.0,16.0,1.0,22.0,6.0,23.666666666666668,6.3333333333333215,26.545832,8.199999,10.365251
2024-02-09,14.0,30.0,6.0,1554.0,209.0,9.0,1.0,27.0,6.0,26.333333333333332,8.666666666666655,25.525002,34.8,7.9526596
2024-02-10,7.0,31.0,8.0,1501.0,208.0,9.0,1.0,30.0,14.0,29.333333333333332,8.999999999999988,26.808332,0.2,12.031756
2024-02-11,8.0,23.0,9.0,1639.0,207.0,11.0,1.0,31.0,7.0,28.0,9.666666666666655,26.112497,7.8999996,14.386494
2024-02-12,5.0,20.0,10.0,1598.0,205.0,11.0,1.0,23.0,8.0,24.666666666666668,6.6666666666666545,26.674997,0.6,12.979984
2024-02-13,6.0,33.0,13.0,1643.0,206.0,11.0,1.0,20.0,5.0,25.333333333333332,6.3333333333333215,26.218748,9.099999,15.509274
2024-02-14,2.0,16.0,15.0,1728.0,208.0,11.0,1.0,33.0,6.0,23.0,4.3333333333333215,25.377083,22.7,11.119281
2024-02-15,4.0,10.0,14.0,1435.0,206.0,10.0,1.0,16.0,2.0,19.666666666666668,3.999999999999988,25.404167,18.0,15.141414
2024-02-16,3.0,13.0,12.0,1597.0,205.0,9.0,1.0,10.0,4.0,13.0,2.999999999999988,25.5,24.3,9.1641035
2024-02-17,3.0,15.0,9.0,1633.0,203.0,8.0,1.0,13.0,3.0,12.666666666666666,3.3333333333333215,25.404167,8.200001,5.6233797
2024-02-18,3.0,13.0,11.0,1650.0,205.0,10.0,2.0,15.0,3.0,13.666666666666666,3.0,26.654165,2.6,7.92
2024-02-19,4.0,23.0,7.0,1662.0,204.0,12.0,1.0,13.0,3.0,17.0,3.3333333333333215,26.675001,9.6,9.178235
2024-02-20,7.0,40.0,6.0,1676.0,209.0,18.0,1.0,23.0,4.0,25.333333333333332,4.6666666666666545,26.102087,22.800001,11.983188
2024-02-21,4.0,21.0,7.0,1611.0,209.0,13.0,1.0,40.0,7.0,28.0,4.9999999999999885,26.431246,7.0,11.631956
2024-02-22,3.0,14.0,5.0,1725.0,208.0,14.0,1.0,21.0,4.0,25.0,4.6666666666666545,26.660421,4.9,10.086427
2024-02-23,3.0,29.0,12.0,1673.0,204.0,12.0,1.0,14.0,3.0,21.333333333333332,3.3333333333333215,26.433334,11.6,9.290511
2024-02-24,3.0,20.0,5.0,1742.0,205.0,10.0,1.0,29.0,3.0,21.0,3.0,25.831251,15.799999,9.793058
2024-02-25,7.0,22.0,13.0,1744.0,207.0,14.0,1.0,20.0,3.0,23.666666666666668,4.3333333333333215,26.143753,11.4,10.799999
2024-02-26,8.0,30.0,11.0,1669.0,208.0,14.0,1.0,22.0,7.0,24.0,5.9999999999999885,26.975,0.3,12.55879
2024-02-27,6.0,27.0,6.0,1683.0,207.0,12.0,1.0,30.0,8.0,26.333333333333332,6.9999999999999885,27.106249,3.2,14.118243
2024-02-28,6.0,27.0,6.0,1738.0,207.0,13.0,1.0,27.0,6.0,28.0,6.6666666666666545,27.025002,1.0000001,9.686609
2024-02-29,7.0,27.0,7.0,1706.0,204.0,13.0,1.0,27.0,6.0,27.0,6.3333333333333215,27.322916,0.90000004,11.609651
2024-03-01,4.0,34.0,9.0,1724.0,210.0,17.0,1.0,27.0,7.0,29.333333333333332,5.6666666666666545,27.972916,0.1,9.449572
2024-03-02,3.0,15.0,5.0,1659.0,210.0,13.0,1.0,34.0,4.0,25.333333333333332,4.6666666666666545,26.362503,43.1,11.304229
2024-03-03,3.0,15.0,6.0,1722.0,204.0,10.0,1.0,15.0,3.0,21.333333333333332,3.3333333333333215,25.525,22.7,13.830749
2024-03-04,2.0,8.0,6.0,1751.0,205.0,10.0,1.0,15.0,3.0,12.666666666666666,2.666666666666655,26.050001,12.299999,10.594036
2024-03-05,5.0,16.0,5.0,1683.0,205.0,12.0,1.0,8.0,2.0,13.0,3.3333333333333215,26.070833,22.200003,6.5693827
2024-03-06,4.0,19.0,6.0,1748.0,211.0,18.0,1.0,16.0,5.0,14.333333333333334,3.666666666666655,26.379168,11.7,7.9036193
2024-03-07,3.0,16.0,2.0,1758.0,207.0,11.0,1.0,19.0,4.0,17.0,3.999999999999988,25.827085,42.500004,10.383987
2024-03-08,3.0,13.0,2.0,1830.0,205.0,9.0,1.0,16.0,3.0,16.0,3.3333333333333215,25.958334,16.7,8.373386
2024-03-09,4.0,16.0,5.0,1841.0,203.0,10.0,1.0,13.0,3.0,15.0,3.3333333333333215,25.510414,6.6000004,6.696387
2024-03-10,4.0,14.0,9.0,2021.0,203.0,11.0,1.0,16.0,4.0,14.333333333333334,3.666666666666655,25.864584,19.3,13.281023
2024-03-11,9.0,18.0,9.0,1759.0,202.0,11.0,1.0,14.0,4.0,16.0,5.6666666666666545,26.672915,11.3,8.647496
2024-03-12,6.0,32.0,11.0,1680.0,205.0,14.0,1.0,18.0,9.0,21.333333333333332,6.3333333333333215,27.658335,0.0,10.105681
2024-03-13,7.0,24.0,4.0,2028.0,206.0,12.0,1.0,32.0,6.0,24.666666666666668,7.3333333333333215,28.00625,0.4,9.504272
2024-03-14,10.0,48.0,21.0,1699.0,207.0,12.0,1.0,24.0,7.0,34.666666666666664,7.6666666666666545,27.5375,0.7,11.165805
2024-03-15,8.0,31.0,13.0,1378.0,209.0,11.0,1.0,48.0,10.0,34.333333333333336,8.333333333333321,27.787498,0.2,9.028754
2024-03-16,8.0,30.0,8.0,1484.0,209.0,12.0,1.0,31.0,8.0,36.333333333333336,8.666666666666655,27.647917,0.5,10.195057
2024-03-17,5.0,33.0,11.0,1615.0,206.0,10.0,1.0,30.0,8.0,31.333333333333332,6.9999999999999885,27.662498,0.70000005,7.4128532
2024-03-18,8.0,34.0,13.0,1590.0,206.0,11.0,1.0,33.0,5.0,32.333333333333336,6.9999999999999885,27.306246,1.0000001,9.931042
2024-03-19,3.0,25.0,13.0,1542.0,203.0,8.0,1.0,34.0,8.0,30.666666666666668,5.3333333333333215,27.483335,1.2,8.78872
2024-03-20,4.0,20.0,15.0,1897.0,203.0,7.0,1.0,25.0,3.0,26.333333333333332,4.9999999999999885,26.28125,8.8,7.0911775
2024-03-21,3.0,14.0,14.0,1678.0,200.0,5.0,1.0,20.0,4.0,19.666666666666668,3.3333333333333215,26.060417,11.299999,8.669949
2024-03-22,4.0,21.0,24.0,1702.0,205.0,9.0,1.0,14.0,3.0,18.333333333333332,3.666666666666655,27.42708,2.6000001,9.3669195
2024-03-23,4.0,33.0,23.0,1620.0,199.0,4.0,1.0,21.0,4.0,22.666666666666668,3.666666666666655,27.189583,2.6,7.968939
2024-03-24,4.0,36.0,29.0,1406.0,203.0,10.0,1.0,33.0,4.0,30.0,4.0,27.858332,7.1,8.854829
2024-03-25,4.0,30.0,20.0,2101.0,205.0,6.0,1.0,36.0,4.0,33.0,4.0,27.804169,4.6,10.086427
2024-03-26,5.0,30.0,35.0,1787.0,208.0,8.0,1.0,30.0,4.0,32.0,4.3333333333333215,27.570831,8.2,9.19939
2024-03-27,9.0,20.0,36.0,1822.0,210.0,7.0,1.0,30.0,5.0,26.666666666666668,5.9999999999999885,27.691666,1.4,10.365251
2024-03-28,5.0,28.0,28.0,1777.0,205.0,3.0,1.0,20.0,9.0,26.0,6.3333333333333215,27.629166,3.4,11.720751
2024-03-29,7.0,20.0,39.0,1732.0,209.0,5.0,1.0,28.0,5.0,22.666666666666668,6.9999999999999885,27.545835,5.9999995,12.074766
2024-03-30,8.0,13.0,28.0,925.0,208.0,8.0,1.0,20.0,7.0,20.333333333333332,6.6666666666666545,27.166666,5.4999995,13.276144
2024-03-31,18.0,28.0,5.0,1474.0,210.0,13.0,1.0,13.0,8.0,20.333333333333332,10.999999999999988,27.162498,13.6,8.891343
2024-04-01,7.0,16.0,7.0,1737.0,206.0,12.0,1.0,28.0,18.0,19.0,10.999999999999988,27.133331,29.2,10.144082
2024-04-02,9.0,14.0,6.0,1644.0,210.0,17.0,1.0,16.0,7.0,19.333333333333332,11.333333333333321,27.414583,1.3000001,9.0
2024-04-03,4.0,18.0,6.0,1663.0,123.0,9.0,1.0,14.0,9.0,16.0,6.6666666666666545,26.675001,9.699999,8.28
2024-04-04,5.0,14.0,7.0,1530.0,28.0,12.0,1.0,18.0,4.0,15.333333333333334,5.9999999999999885,27.35,19.5,9.360001
2024-04-05,7.0,18.0,3.0,1671.0,29.0,14.0,1.0,14.0,5.0,16.666666666666668,5.3333333333333215,27.618752,5.2,12.738099
2024-04-06,2.0,28.0,4.0,1778.0,26.0,14.0,1.0,18.0,7.0,20.0,4.6666666666666545,26.712502,16.000002,7.653705
2024-04-07,8.0,22.0,5.0,1733.0,29.0,14.0,1.0,28.0,2.0,22.666666666666668,5.6666666666666545,27.227087,8.4,18.11841
2024-04-08,8.0,19.0,2.0,1794.0,23.0,12.0,1.0,22.0,8.0,23.0,5.9999999999999885,26.929163,10.0,12.783802
2024-04-09,21.0,20.0,2.206896551724138,1771.896551724138,23.862068965517242,184.0,1.0,19.0,8.0,20.333333333333332,12.333333333333321,26.69583,24.400002,10.538843
2024-04-10,13.0,12.0,2.413793103448276,1749.7931034482758,24.724137931034484,178.17857142857142,1.0,20.0,21.0,17.0,13.999999999999988,26.329168,29.100002,9.449572
2024-04-11,4.0,6.0,2.6206896551724137,1727.6896551724137,25.586206896551722,172.35714285714286,1.0,12.0,13.0,12.666666666666666,12.666666666666655,26.141668,6.5999994,16.595179
2024-04-12,4.0,7.0,2.8275862068965516,1705.5862068965516,26.448275862068964,166.53571428571428,1.0,6.0,4.0,8.333333333333334,6.9999999999999885,26.370834,4.3999996,13.684735
2024-04-13,5.0,14.0,3.0344827586206895,1683.4827586206898,27.310344827586206,160.71428571428572,1.0,7.0,4.0,9.0,4.3333333333333215,27.56042,1.3,10.853866
2024-04-14,9.0,16.0,3.2413793103448274,1661.3793103448277,28.17241379310345,154.89285714285714,1.0,14.0,5.0,12.333333333333334,5.9999999999999885,26.943754,15.7,10.163227
2024-04-15,5.0,13.0,3.4482758620689653,1639.2758620689656,29.03448275862069,149.07142857142856,1.0,16.0,9.0,14.333333333333334,6.3333333333333215,26.572916,24.2,9.227524
2024-04-16,6.0,14.0,3.655172413793103,1617.1724137931035,29.896551724137932,143.25,1.0,13.0,5.0,14.333333333333334,6.6666666666666545,26.143753,24.299997,11.013882
2024-04-17,3.0,7.0,3.862068965517241,1595.0689655172414,30.758620689655174,137.42857142857142,1.0,14.0,6.0,11.333333333333334,4.6666666666666545,26.05625,8.799999,7.653705
2024-04-18,9.0,13.0,4.068965517241379,1572.9655172413793,31.620689655172413,131.60714285714286,1.0,7.0,3.0,11.333333333333334,5.9999999999999885,26.760416,14.3,8.942214
2024-04-19,11.0,15.0,4.275862068965517,1550.8620689655172,32.48275862068966,125.78571428571428,1.0,13.0,9.0,11.666666666666666,7.6666666666666545,26.714586,20.9,8.14587
2024-04-20,9.0,10.0,4.482758620689655,1528.7586206896551,33.3448275862069,119.96428571428571,1.0,15.0,11.0,12.666666666666666,9.666666666666655,25.991663,37.300003,6.792466
2024-04-21,3.0,9.0,4.689655172413793,1506.655172413793,34.20689655172414,114.14285714285714,1.0,10.0,9.0,11.333333333333334,7.6666666666666545,27.054167,34.2,12.261157
2024-04-22,10.0,10.0,4.896551724137931,1484.5517241379312,35.06896551724138,108.32142857142857,1.0,9.0,3.0,9.666666666666666,7.3333333333333215,26.287498,21.2,11.252519
2024-04-23,10.0,15.0,5.1034482758620685,1462.4482758620688,35.93103448275862,102.5,1.0,10.0,10.0,11.333333333333334,7.6666666666666545,26.895834,13.5,7.6367526
2024-04-24,10.0,15.0,5.310344827586206,1440.344827586207,36.793103448275865,96.67857142857142,1.0,15.0,10.0,13.333333333333334,10.0,26.86875,6.7,10.829958
2024-04-25,13.0,18.0,5.517241379310345,1418.2413793103449,37.6551724137931,90.85714285714285,1.0,15.0,10.0,16.0,10.999999999999988,27.23542,8.5,11.525623
2024-04-26,13.0,23.0,5.724137931034482,1396.1379310344828,38.51724137931035,85.03571428571428,1.0,18.0,13.0,18.666666666666668,11.999999999999988,27.516665,32.100002,10.97262
2024-04-27,7.0,12.0,5.931034482758621,1374.0344827586207,39.37931034482759,79.21428571428571,1.0,23.0,13.0,17.666666666666668,10.999999999999988,26.716665,12.5,11.631956
2024-04-28,2.0,9.0,6.137931034482758,1351.9310344827586,40.241379310344826,73.39285714285714,1.0,12.0,7.0,14.666666666666666,7.3333333333333215,27.993752,0.1,12.10157
2024-04-29,3.0,14.0,6.344827586206896,1329.8275862068965,41.10344827586207,67.57142857142856,1.0,9.0,2.0,11.666666666666666,3.999999999999988,28.352083,0.5,8.825508
2024-04-30,3.0,18.0,6.551724137931034,1307.7241379310344,41.96551724137932,61.749999999999986,1.0,14.0,3.0,13.666666666666666,2.666666666666655,28.087503,5.7000003,10.365251
2024-05-01,6.0,11.0,6.758620689655172,1285.6206896551726,42.827586206896555,55.928571428571416,1.0,18.0,3.0,14.333333333333334,3.999999999999988,26.908335,19.0,10.823973
2024-05-02,6.0,9.0,6.96551724137931,1263.5172413793102,43.689655172413794,50.10714285714283,1.0,11.0,6.0,12.666666666666666,4.9999999999999885,27.972916,6.0999994,9.686609
2024-05-03,4.0,12.0,7.1724137931034475,1241.4137931034484,44.55172413793103,44.28571428571428,1.0,9.0,6.0,10.666666666666666,5.3333333333333215,26.706247,36.299995,13.70839
2024-05-04,3.0,14.0,7.379310344827585,1219.310344827586,45.41379310344828,38.464285714285694,1.0,12.0,4.0,11.666666666666666,4.3333333333333215,25.85417,1.0,13.324863
2024-05-05,6.0,17.0,7.586206896551723,1197.2068965517242,46.27586206896552,32.64285714285714,1.0,14.0,3.0,14.333333333333334,4.3333333333333215,27.79167,3.1000001,10.233123
2024-05-06,6.0,12.0,7.793103448275861,1175.103448275862,47.13793103448276,26.821428571428555,1.0,17.0,6.0,14.333333333333334,4.9999999999999885,27.410416,11.400002,12.7279215
2024-05-07,7.0,11.0,8.0,1153.0,48.0,21.0,2.0,12.0,6.0,13.333333333333334,6.3333333333333215,26.550001,15.4,9.693296
2024-05-08,7.0,22.0,14.0,1136.0,51.0,39.0,2.0,11.0,7.0,15.0,6.6666666666666545,26.068748,5.7999997,6.151683
2024-05-09,10.0,21.0,13.0,1093.0,58.0,34.0,2.0,22.0,7.0,18.0,7.9999999999999885,27.793753,11.400001,9.793058
2024-05-10,8.0,11.0,10.0,1113.0,55.0,26.0,2.0,21.0,10.0,18.0,8.333333333333321,27.070837,15.6,9.3669195
2024-05-11,15.0,19.0,15.0,1109.0,54.0,38.0,2.0,11.0,8.0,17.0,10.999999999999988,26.993753,19.8,14.658676
2024-05-12,9.0,10.0,12.0,1087.0,61.0,41.0,2.0,19.0,15.0,13.333333333333334,10.666666666666655,26.966667,23.100002,10.182337
2024-05-13,7.0,14.0,10.0,1136.0,57.0,42.0,2.0,10.0,9.0,14.333333333333334,10.333333333333321,27.091665,26.400002,8.942214
2024-05-14,9.0,16.0,15.0,1148.0,63.0,53.0,2.0,14.0,7.0,13.333333333333334,8.333333333333321,27.29167,13.0,14.291592
2024-05-15,8.0,10.0,15.227272727272727,1146.090909090909,61.0,56.0,1.0,16.0,9.0,13.333333333333334,7.9999999999999885,27.647913,16.9,8.225035
2024-05-16,8.0,15.0,15.454545454545455,1144.1818181818182,59.0,59.0,1.0,10.0,8.0,13.666666666666666,8.333333333333321,27.168749,4.4,18.472595
2024-05-17,7.0,28.0,15.681818181818182,1142.2727272727273,57.0,62.0,1.0,15.0,8.0,17.666666666666668,7.6666666666666545,27.625,3.6,10.464797
2024-05-18,21.0,34.0,15.909090909090908,1140.3636363636363,55.0,65.0,1.0,28.0,7.0,25.666666666666668,11.999999999999988,27.504166,8.5,14.512064
2024-05-19,10.0,14.0,16.136363636363637,1138.4545454545455,53.0,68.0,1.0,34.0,21.0,25.333333333333332,12.666666666666655,27.897924,1.5,11.27553
2024-05-20,5.0,12.0,16.363636363636363,1136.5454545454545,51.0,71.0,1.0,14.0,10.0,20.0,11.999999999999988,27.466667,6.8999996,10.365251
2024-05-21,5.0,23.0,16.59090909090909,1134.6363636363637,49.0,74.0,2.0,12.0,5.0,16.333333333333332,6.6666666666666545,27.479166,0.5,11.503113
2024-05-22,8.0,11.0,16.818181818181817,1132.7272727272727,47.0,77.0,1.0,23.0,5.0,15.333333333333334,5.9999999999999885,26.454168,12.8,7.6367526
2024-05-23,7.0,14.0,17.045454545454547,1130.8181818181818,45.0,80.0,1.0,11.0,8.0,16.0,6.6666666666666545,27.583336,0.3,12.10157
2024-05-24,7.0,13.0,17.272727272727273,1128.909090909091,43.0,83.0,1.0,14.0,7.0,12.666666666666666,7.3333333333333215,26.810415,15.700001,9.0
2024-05-25,5.0,12.0,17.5,1127.0,41.0,86.0,1.0,13.0,7.0,13.0,6.3333333333333215,27.579165,12.900001,14.654254
2024-05-26,5.0,16.0,17.727272727272727,1125.090909090909,39.0,89.0,1.0,12.0,5.0,13.666666666666666,5.6666666666666545,26.316668,0.3,8.913181
2024-05-27,5.0,14.0,17.954545454545453,1123.1818181818182,37.0,92.0,2.0,16.0,5.0,14.0,5.0,27.845833,0.0,10.787993
2024-05-28,7.0,18.0,18.18181818181818,1121.2727272727273,35.0,95.0,1.0,14.0,5.0,16.0,5.6666666666666545,27.17708,19.200003,10.823973
2024-05-29,6.0,19.0,18.40909090909091,1119.3636363636363,33.0,98.0,2.0,18.0,7.0,17.0,5.9999999999999885,27.387495,18.300003,13.246826
2024-05-30,18.0,10.0,18.636363636363637,1117.4545454545455,31.0,101.0,2.0,19.0,6.0,15.666666666666666,10.333333333333321,27.347918,0.4,10.483357
2024-05-31,13.0,15.0,18.863636363636363,1115.5454545454545,29.0,104.0,1.0,10.0,18.0,14.666666666666666,12.333333333333321,26.82708,13.5,11.457958
2024-06-01,10.0,13.0,19.09090909090909,1113.6363636363637,27.0,107.0,2.0,15.0,13.0,12.666666666666666,13.666666666666655,26.527086,11.8,9.531505
2024-06-02,21.0,15.0,19.31818181818182,1111.7272727272727,25.0,110.0,1.0,13.0,10.0,14.333333333333334,14.666666666666655,26.854166,7.2999997,8.4963045
2024-06-03,1.0,20.0,19.545454545454547,1109.8181818181818,23.0,113.0,1.0,15.0,21.0,16.0,10.666666666666655,26.191668,13.1,9.565437
2024-06-04,7.0,26.0,19.772727272727273,1107.909090909091,21.0,116.0,2.0,20.0,1.0,20.333333333333332,9.666666666666655,26.375002,6.9999995,10.495713
2024-06-05,5.0,17.0,20.0,1106.0,19.0,177.0,1.0,26.0,7.0,21.0,4.3333333333333215,27.700003,0.0,9.504273
2024-06-06,3.0,11.0,25.0,982.0,21.0,187.0,1.0,17.0,5.0,18.0,4.9999999999999885,25.889587,37.0,7.289444
2024-06-07,1.0,25.0,27.0,1056.0,20.0,197.0,1.0,11.0,3.0,17.666666666666668,2.999999999999988,26.781252,0.3,6.439876
2024-06-08,3.0,25.0,30.0,992.0,18.0,177.0,1.0,25.0,1.0,20.333333333333332,2.3333333333333215,27.004168,8.0,8.647496
2024-06-09,5.0,13.0,38.0,928.0,19.0,157.0,1.0,25.0,3.0,21.0,2.999999999999988,26.039583,13.9,8.714677
2024-06-10,3.666666666666667,14.0,30.0,1063.0,13.333333333333332,112.66666666666667,2.0,13.0,5.0,17.333333333333332,3.8888888888888773,27.493753,0.0,6.28713
2024-06-11,2.3333333333333335,14.0,22.0,1198.0,7.666666666666666,68.33333333333334,2.0,14.0,3.666666666666667,13.666666666666666,3.666666666666655,26.802084,9.2,11.384199
2024-06-12,1.0,24.0,14.0,1333.0,2.0,24.0,2.0,14.0,2.3333333333333335,17.333333333333332,2.3333333333333215,26.599998,17.900002,7.289444
2024-06-13,2.0,28.0,23.0,1297.0,2.0,48.0,2.0,24.0,1.0,22.0,1.7777777777777661,26.858335,11.2,6.989936
2024-06-14,16.0,32.0,22.0,1120.857142857143,2.2,120.0,1.0,28.0,2.0,28.0,6.3333333333333215,27.004168,4.4,12.7279215
2024-06-15,12.333333333333334,32.0,21.0,944.7142857142858,2.4,192.0,2.0,32.0,16.0,30.666666666666668,10.1111111111111,26.889582,7.799999,8.587338
2024-06-16,8.666666666666668,20.0,20.0,768.5714285714287,2.6,188.0,2.0,32.0,12.333333333333334,28.0,12.333333333333321,25.945833,10.599999,14.05845
2024-06-17,5.0,20.0,19.0,592.4285714285714,2.8,184.0,2.0,20.0,8.666666666666668,24.0,8.666666666666655,26.266665,5.7,10.805998
2024-06-18,5.0,18.0,18.0,416.28571428571433,3.0,182.0,2.0,20.0,5.0,19.333333333333332,6.222222222222211,26.652086,3.8,7.928178
2024-06-19,1.0,20.0,17.0,240.14285714285734,8.0,197.0,2.0,18.0,5.0,19.333333333333332,3.666666666666655,26.952085,0.6,7.491114
2024-06-20,18.0,28.0,16.0,64.0,18.0,161.0,3.0,20.0,1.0,22.0,7.9999999999999885,26.44792,16.400003,12.397806
2024-06-21,14.6,7.0,15.0,285.3333333333333,16.0,160.0,2.0,28.0,18.0,18.333333333333332,11.199999999999989,25.854166,13.6,10.636766
2024-06-22,11.2,8.0,14.0,506.66666666666663,14.0,166.0,2.0,7.0,14.6,14.333333333333334,14.599999999999987,24.666664,2.1000001,14.4
2024-06-23,7.800000000000001,17.0,13.0,728.0,34.0,107.0,3.0,8.0,11.2,10.666666666666666,11.199999999999989,26.583338,0.8000001,10.685391
2024-06-24,4.4,25.0,12.0,949.3333333333333,27.0,94.0,1.0,17.0,7.800000000000001,16.666666666666668,7.799999999999987,27.422918,0.0,11.592895
2024-06-25,1.0,18.0,11.0,1170.6666666666665,32.0,134.0,2.0,25.0,4.4,20.0,4.399999999999989,28.022919,0.3,10.315115
2024-06-26,1.5,21.0,10.0,1392.0,106.0,107.0,2.0,18.0,1.0,21.333333333333332,2.2999999999999883,27.172915,3.4,11.91812
2024-06-27,2.0,11.0,11.0,1426.0,103.0,89.0,2.0,21.0,1.5,16.666666666666668,1.4999999999999882,26.239578,10.8,12.224107
2024-06-28,9.0,23.0,11.0,1397.0,92.0,125.0,1.0,11.0,2.0,18.333333333333332,4.1666666666666545,26.391665,4.9,9.085988
2024-06-29,6.666666666666666,19.0,11.25925925925926,1434.2380952380952,62.0,123.25,1.5,23.0,9.0,17.666666666666668,5.888888888888876,26.366669,22.800003,13.138765
2024-06-30,4.333333333333333,18.0,11.518518518518519,1471.4761904761904,32.0,121.5,2.0,19.0,6.666666666666666,20.0,6.6666666666666545,25.800003,6.6999993,10.514218
2024-07-01,2.0,17.0,11.777777777777779,1508.7142857142858,2.0,119.75,2.5,18.0,4.333333333333333,18.0,4.3333333333333215,25.808332,7.2,7.9932976
2024-07-02,6.0,18.0,12.037037037037036,1545.952380952381,11.0,118.0,3.0,17.0,2.0,17.666666666666668,4.111111111111099,27.245832,0.2,6.9247384
2024-07-03,5.0,16.0,12.296296296296296,1583.1904761904761,6.0,95.0,2.0,18.0,6.0,17.0,4.3333333333333215,27.754168,0.1,8.089993
2024-07-04,14.0,26.0,12.555555555555555,1620.4285714285713,4.0,94.0,2.0,16.0,5.0,20.0,8.333333333333321,26.502083,8.900001,12.475961
2024-07-05,12.0,20.0,12.814814814814815,1657.6666666666665,3.0,94.2,2.0,26.0,14.0,20.666666666666668,10.333333333333321,26.737497,1.6,9.178235
2024-07-06,10.0,16.0,13.074074074074074,1694.904761904762,2.0,94.4,2.0,20.0,12.0,20.666666666666668,11.999999999999988,26.097918,6.5,10.853866
2024-07-07,5.5,17.0,13.333333333333334,1732.142857142857,2.0,94.6,1.0,16.0,10.0,17.666666666666668,9.166666666666655,26.241667,4.3,7.6367526
2024-07-08,1.0,15.0,13.592592592592592,1769.3809523809523,2.0,94.8,2.0,17.0,5.5,16.0,5.4999999999999885,25.85,3.4,7.7879906
2024-07-09,1.0,14.0,13.851851851851851,1806.6190476190477,2.0,95.0,2.0,15.0,1.0,15.333333333333334,2.499999999999988,26.666666,4.3,11.177405
2024-07-10,1.0,11.0,14.11111111111111,1843.857142857143,2.0,95.2,2.0,14.0,1.0,13.333333333333334,1.0,25.604166,5.2999997,13.684735
2024-07-11,1.0,23.0,14.37037037037037,1881.095238095238,2.0,95.4,2.0,11.0,1.0,16.0,1.0,26.916666,1.1,11.090103
2024-07-12,1.0,18.0,14.62962962962963,1918.3333333333333,4.0,95.6,2.0,23.0,1.0,17.333333333333332,1.0,25.922915,13.700001,7.729527
2024-07-13,1.0,24.0,14.88888888888889,1955.5714285714284,16.0,95.8,2.0,18.0,1.0,21.666666666666668,1.0,27.218752,7.2,9.227524
2024-07-14,1.0,22.0,15.148148148148149,1992.8095238095239,14.0,96.0,2.0,24.0,1.0,21.333333333333332,1.0,25.697916,2.8,6.8399997
2024-07-15,1.0,26.0,15.407407407407408,2030.047619047619,12.0,96.2,2.0,22.0,1.0,24.0,1.0,27.025002,0.2,9.693296
2024-07-16,1.0,23.0,15.666666666666668,2067.285714285714,12.0,96.4,2.0,26.0,1.0,23.666666666666668,1.0,27.506248,0.2,12.768586
2024-07-17,1.6666666666666665,16.0,15.925925925925927,2104.5238095238096,10.0,96.6,2.0,23.0,1.0,21.666666666666668,1.2222222222222103,27.797915,0.0,9.826088
2024-07-18,2.333333333333333,21.0,16.185185185185183,2141.7619047619046,11.0,96.8,2.0,16.0,1.6666666666666665,20.0,1.6666666666666548,28.125,0.2,12.397806
2024-07-19,3.0,24.0,16.444444444444443,2179.0,17.0,97.0,2.0,21.0,2.333333333333333,20.333333333333332,2.3333333333333215,28.174997,0.4,14.20062
2024-07-20,3.0,26.0,16.703703703703702,2010.0,21.0,97.2,2.0,24.0,3.0,23.666666666666668,2.777777777777766,28.770834,0.0,13.854155
2024-07-21,2.5,28.0,16.962962962962962,1841.0,24.8,97.4,1.0,26.0,3.0,26.0,2.8333333333333215,28.960419,0.0,14.986553
2024-07-22,2.0,35.0,17.22222222222222,1672.0,28.6,97.6,2.0,28.0,2.5,29.666666666666668,2.499999999999988,28.758333,0.2,14.578888
2024-07-23,6.0,27.0,17.48148148148148,1503.0,32.4,97.8,1.0,35.0,2.0,30.0,3.499999999999988,28.997915,0.0,6.792466
2024-07-24,10.0,25.0,17.74074074074074,1334.0,36.2,98.0,1.0,27.0,6.0,29.0,5.9999999999999885,29.04792,0.0,9.9571085
2024-07-25,25.5,27.0,18.0,1165.0,40.0,48.0,4.0,25.0,10.0,26.333333333333332,13.833333333333321,28.766668,0.1,9.36
2024-07-26,41.0,42.0,27.0,833.0,37.0,33.0,6.0,27.0,25.5,31.333333333333332,25.49999999999999,28.637503,0.0,13.854155
2024-07-27,37.0,35.0,2.0,1042.0,36.0,43.0,7.0,42.0,41.0,34.666666666666664,34.49999999999999,28.829165,0.0,15.990646
2024-07-28,36.0,34.0,1.0,1081.0,34.0,23.0,5.0,35.0,37.0,37.0,37.99999999999999,29.1625,0.3,13.708391
2024-07-29,27.0,22.0,1.0,1138.0,34.0,27.0,6.0,34.0,36.0,30.333333333333332,33.33333333333332,28.097918,4.3,11.384198
2024-07-30,24.0,22.0,1.0,1224.0,25.0,5.0,8.0,22.0,27.0,26.0,28.99999999999999,28.36875,2.3,10.538843
2024-07-31,21.0,19.0,1.0,1198.5,26.0,8.5,7.5,22.0,24.0,21.0,23.99999999999999,25.84375,23.800001,12.819235
2024-08-01,18.0,16.0,1.0,1173.0,27.0,12.0,7.0,19.0,21.0,19.0,20.99999999999999,27.554167,3.6,11.720751
2024-08-02,35.0,33.0,1.0,1339.0,24.0,12.0,8.0,16.0,18.0,22.666666666666668,24.666666666666657,26.824999,20.699999,14.182355
2024-08-03,23.0,19.0,1.0,1167.0,29.0,15.0,7.0,33.0,35.0,22.666666666666668,25.333333333333325,26.6625,10.799999,12.783802
2024-08-04,9.0,11.0,1.6666666666666665,1080.0,28.0,123.0,8.0,19.0,23.0,21.0,22.333333333333325,25.372917,13.699999,11.043261
2024-08-05,6.333333333333334,19.0,2.333333333333333,1099.5652173913043,27.91304347826087,134.0,4.0,11.0,9.0,16.333333333333332,12.777777777777766,26.027084,4.6,8.913181
2024-08-06,3.666666666666667,30.0,3.0,1119.1304347826087,27.82608695652174,136.0,4.0,19.0,6.333333333333334,20.0,6.3333333333333215,26.864584,0.6,9.028754
2024-08-07,1.0,16.0,3.6666666666666665,1138.695652173913,27.73913043478261,120.0,5.0,30.0,3.666666666666667,21.666666666666668,3.666666666666655,26.102083,18.8,9.3876505
2024-08-08,1.0,27.0,4.333333333333333,1158.2608695652175,27.652173913043477,142.0,5.0,16.0,1.0,24.333333333333332,1.888888888888877,26.050003,0.4,10.182337
2024-08-09,1.0,18.0,5.0,1177.8260869565217,27.565217391304348,122.0,6.0,27.0,1.0,20.333333333333332,1.0,26.65,3.4,15.484185
2024-08-10,1.0,21.0,5.666666666666666,1197.391304347826,27.47826086956522,138.0,5.0,18.0,1.0,22.0,1.0,26.360418,3.7999995,11.435313
2024-08-11,1.0,23.0,6.333333333333333,1216.9565217391305,27.391304347826086,130.0,5.0,21.0,1.0,20.666666666666668,1.0,26.210417,20.3,8.534353
2024-08-12,1.0,20.0,6.999999999999999,1236.5217391304348,27.304347826086957,144.0,4.0,23.0,1.0,21.333333333333332,1.0,27.231249,0.1,9.387651
2024-08-13,1.0,33.0,7.666666666666666,1256.086956521739,27.217391304347824,142.0,4.0,20.0,1.0,25.333333333333332,1.0,27.329163,0.8000001,15.7908325
2024-08-14,1.0,19.0,8.333333333333332,1275.6521739130435,27.130434782608695,139.0,5.0,33.0,1.0,24.0,1.0,27.60417,0.0,12.10157
2024-08-15,1.0,16.0,9.0,1295.2173913043478,27.043478260869566,132.0,5.0,19.0,1.0,22.666666666666668,1.0,26.96875,3.6000001,12.768586
2024-08-16,1.0,20.0,9.666666666666666,1314.7826086956522,26.956521739130434,115.0,3.0,16.0,1.0,18.333333333333332,1.0,25.964582,7.6999993,9.449572
2024-08-17,1.0,20.0,10.333333333333332,1334.3478260869565,26.869565217391305,137.0,4.0,20.0,1.0,18.666666666666668,1.0,26.824999,2.4,9.220499
2024-08-18,1.5,17.0,10.999999999999998,1353.913043478261,26.782608695652172,140.0,3.0,20.0,1.0,19.0,1.1666666666666548,26.866663,1.1,13.450708
2024-08-19,2.0,18.0,11.666666666666666,1373.4782608695652,26.695652173913043,140.0,3.0,17.0,1.5,18.333333333333332,1.4999999999999882,26.364584,22.0,18.388212
2024-08-20,15.0,11.0,12.333333333333332,1393.0434782608695,26.608695652173914,120.0,3.0,18.0,2.0,15.333333333333334,6.1666666666666545,24.283333,40.499996,8.534353
2024-08-21,28.0,20.0,12.999999999999998,1412.608695652174,26.52173913043478,113.0,2.0,11.0,15.0,16.333333333333332,14.999999999999988,25.245832,4.9,7.0911775
2024-08-22,21.25,13.0,13.666666666666666,1432.1739130434783,26.434782608695652,138.33333333333334,4.0,20.0,28.0,14.666666666666666,21.416666666666657,25.545832,8.200001,12.313893
2024-08-23,14.5,16.0,14.333333333333332,1451.7391304347825,26.347826086956523,163.66666666666669,6.0,13.0,21.25,16.333333333333332,21.24999999999999,25.21875,25.900003,9.36
2024-08-24,7.75,31.0,14.999999999999998,1471.304347826087,26.26086956521739,189.0,4.0,16.0,14.5,20.0,14.499999999999988,25.404167,4.2,10.464797
2024-08-25,1.0,31.0,15.666666666666666,1490.8695652173913,26.17391304347826,169.66666666666666,4.0,31.0,7.75,26.0,7.7499999999999885,25.487497,16.500002,12.641076
2024-08-26,1.0,30.0,16.333333333333332,1510.4347826086955,26.08695652173913,150.33333333333331,5.0,31.0,1.0,30.666666666666668,3.249999999999988,25.431253,12.5,11.525623
2024-08-27,1.0,24.0,17.0,1530.0,26.0,131.0,7.0,30.0,1.0,28.333333333333332,1.0,25.087502,12.200001,13.584932
2024-08-28,1.0,40.0,24.0,1341.0,26.0,126.0,7.0,24.0,1.0,31.333333333333332,1.0,27.052086,0.1,9.449572
2024-08-29,1.0,46.0,22.0,1462.0,20.0,131.0,8.0,40.0,1.0,36.666666666666664,1.0,27.006248,0.4,9.726664
2024-08-30,1.0,28.0,24.0,1214.0,22.0,123.0,7.0,46.0,1.0,38.0,1.0,27.343748,0.0,11.4862
2024-08-31,1.0,31.5,24.5,1290.5,22.5,121.5,7.0,28.0,1.0,35.166666666666664,1.0,27.268751,4.3999996,8.217153
2024-09-01,1.0,35.0,25.0,1367.0,23.0,120.0,7.0,31.5,1.0,31.5,1.0,27.412498,0.2,6.0347
2024-09-02,1.0,43.0,21.0,1335.0,29.0,114.0,8.0,35.0,1.0,36.5,1.0,26.831255,7.3999996,11.609651
2024-09-03,1.0,23.0,24.0,1314.0,21.0,115.0,8.0,43.0,1.0,33.666666666666664,1.0,27.352083,3.7,18.79255
2024-09-04,1.0,29.0,22.0,1360.0,19.0,134.0,9.0,23.0,1.0,31.666666666666668,1.0,25.68958,4.3999996,11.183201
2024-09-05,1.0,44.0,20.0,1435.0,27.0,130.0,7.0,29.0,1.0,32.0,1.0,26.654167,10.7,8.587338
2024-09-06,1.0,26.0,23.0,1261.0,25.0,118.0,8.0,44.0,1.0,33.0,1.0,26.90625,3.1999998,10.440001
2024-09-07,1.0,20.0,23.0,1242.0,25.0,113.0,7.0,26.0,1.0,30.0,1.0,27.387503,5.8999996,12.738099
2024-09-08,1.0,18.0,23.0,1266.0,22.0,116.0,6.0,20.0,1.0,21.333333333333332,1.0,27.268747,9.000002,8.089993
2024-09-09,1.0,22.0,24.0,1345.0,17.0,137.0,8.0,18.0,1.0,20.0,1.0,26.250002,20.1,9.931042
2024-09-10,1.0,19.0,20.0,1314.0,22.0,142.0,8.0,22.0,1.0,19.666666666666668,1.0,26.216665,5.6999993,9.339208
2024-09-11,1.0,23.0,23.0,1319.0,19.0,140.0,5.0,19.0,1.0,21.333333333333332,1.0,26.704168,9.500001,10.1887
2024-09-12,1.0,10.0,22.0,1272.0,16.0,89.0,6.0,23.0,1.0,17.333333333333332,1.0,25.55625,15.6,8.669949
2024-09-13,1.0,16.0,22.0,1195.1666666666667,20.333333333333332,33.0,6.0,10.0,1.0,16.333333333333332,1.0,26.883333,1.0,17.873556
2024-09-14,1.5,9.0,22.0,1118.3333333333333,24.666666666666664,38.0,6.0,16.0,1.0,11.666666666666666,1.1666666666666548,27.106249,1.7,8.435069
2024-09-15,2.0,16.0,22.0,1041.5,29.0,77.0,3.0,9.0,1.5,13.666666666666666,1.4999999999999882,26.231249,8.5,11.720751
2024-09-16,2.5,16.0,22.0,964.6666666666667,33.33333333333333,82.0,6.0,16.0,2.0,13.666666666666666,1.9999999999999882,27.20417,0.1,8.287822
2024-09-17,3.0,17.0,22.0,887.8333333333333,37.666666666666664,100.0,5.0,16.0,2.5,16.333333333333332,2.499999999999988,26.606249,13.599999,13.441071
2024-09-18,3.5,16.0,22.0,811.0,42.0,87.0,5.0,17.0,3.0,16.333333333333332,2.999999999999988,26.856247,0.6,11.928989
2024-09-19,4.0,23.0,16.0,940.0,41.0,71.0,4.875,16.0,3.5,18.666666666666668,3.499999999999988,27.7125,0.2,8.473393
2024-09-20,19.0,26.0,19.0,888.0,40.0,62.0,4.75,23.0,4.0,21.666666666666668,8.833333333333321,28.235413,0.2,6.489992
2024-09-21,34.0,17.0,28.0,884.0,56.0,102.0,4.625,26.0,19.0,22.0,18.99999999999999,27.891668,0.0,7.69592
2024-09-22,54.0,60.0,44.0,961.0,42.0,91.0,4.5,17.0,34.0,34.333333333333336,35.66666666666666,28.733335,0.0,8.714677
2024-09-23,31.0,26.0,31.0,1151.0,4.0,51.0,4.375,60.0,54.0,34.333333333333336,39.66666666666666,27.745836,6.9,13.708391
2024-09-24,27.0,21.0,12.0,1246.0,2.0,36.0,4.25,26.0,31.0,35.666666666666664,37.33333333333332,27.014582,8.7,8.209263
2024-09-25,37.0,31.0,11.0,1271.0,39.0,28.0,4.125,21.0,27.0,26.0,31.666666666666657,26.085417,30.2,9.459852
2024-09-26,18.0,15.0,12.0,1166.0,55.0,159.0,4.0,31.0,37.0,22.333333333333332,27.333333333333325,24.456251,19.999998,9.0
2024-09-27,18.0,15.0,16.0,1138.8333333333333,51.5,174.0,4.0,15.0,18.0,20.333333333333332,24.333333333333325,27.016663,2.7,9.360001
2024-09-28,27.0,23.0,20.0,1111.6666666666667,48.0,170.0,4.0,15.0,18.0,17.666666666666668,20.99999999999999,25.949999,7.8999996,13.833091
2024-09-29,24.0,20.0,24.0,1084.5,44.5,181.0,3.0,23.0,27.0,19.333333333333332,22.99999999999999,25.922918,12.4,8.3520775
2024-09-30,32.0,30.0,28.0,1057.3333333333333,41.0,178.0,4.0,20.0,24.0,24.333333333333332,27.666666666666657,25.829165,21.7,9.109138
2024-10-01,23.0,19.0,32.0,1030.1666666666667,37.5,170.0,4.0,30.0,32.0,23.0,26.333333333333325,26.158339,4.3999996,6.77575
2024-10-02,26.0,21.0,36.0,1003.0,34.0,159.0,2.0,19.0,23.0,23.333333333333332,26.99999999999999,26.25625,3.6,9.826088
2024-10-03,21.0,18.0,42.0,1050.0,35.0,98.0,5.0,21.0,26.0,19.333333333333332,23.333333333333325,25.616667,12.500002,8.613709
2024-10-04,26.0,22.0,40.07142857142857,1026.9285714285713,35.142857142857146,75.0,2.0,18.0,21.0,20.333333333333332,24.333333333333325,25.425001,18.4,11.08572
2024-10-05,18.0,16.0,38.142857142857146,1003.8571428571429,35.285714285714285,102.0,3.0,22.0,26.0,18.666666666666668,21.666666666666657,25.635416,16.6,11.119281
2024-10-06,9.0,8.0,36.214285714285715,980.7857142857142,35.42857142857143,129.0,3.0,16.0,18.0,15.333333333333334,17.666666666666654,25.718748,13.200001,8.452336
2024-10-07,26.0,20.0,34.285714285714285,957.7142857142857,35.57142857142857,156.0,4.0,8.0,9.0,14.666666666666666,17.666666666666654,26.845835,0.90000004,7.3821945
2024-10-08,31.0,27.0,32.35714285714286,934.6428571428571,35.714285714285715,183.0,3.0,20.0,26.0,18.333333333333332,21.99999999999999,26.900002,0.8,11.966953
2024-10-09,29.0,23.0,30.42857142857143,911.5714285714286,35.857142857142854,167.66666666666666,3.0,27.0,31.0,23.333333333333332,28.666666666666657,27.047918,15.800001,10.337079
2024-10-10,21.0,18.0,28.5,888.5,36.0,152.33333333333334,3.0,23.0,29.0,22.666666666666668,26.99999999999999,25.985415,9.5,10.626099
2024-10-11,23.0,20.0,26.571428571428573,865.4285714285714,36.142857142857146,137.0,2.0,18.0,21.0,20.333333333333332,24.333333333333325,26.179163,18.7,6.854195
2024-10-12,11.0,10.0,24.642857142857142,842.3571428571429,36.285714285714285,142.0,2.0,20.0,23.0,16.0,18.33333333333332,25.80625,39.399998,9.224011
2024-10-13,6.0,6.0,22.714285714285715,819.2857142857142,36.42857142857143,161.0,5.0,10.0,11.0,12.0,13.333333333333321,26.80625,7.3999996,9.914717
2024-10-14,13.0,11.0,20.78571428571429,796.2142857142857,36.57142857142857,133.0,4.0,6.0,6.0,9.0,9.999999999999988,26.897917,0.5,7.256032
2024-10-15,16.0,12.0,18.857142857142858,773.1428571428571,36.714285714285715,173.0,2.0,11.0,13.0,9.666666666666666,11.666666666666655,25.702082,7.499999,6.1437774
2024-10-16,33.0,29.0,16.92857142857143,750.0714285714286,36.857142857142854,145.5,2.0,12.0,16.0,17.333333333333332,20.666666666666654,27.03125,6.2,8.82
2024-10-17,30.0,25.0,15.0,727.0,37.0,118.0,4.0,29.0,33.0,22.0,26.333333333333325,27.120832,30.400002,11.190442
2024-10-18,12.0,11.0,17.0,827.0,55.0,153.0,4.0,25.0,30.0,21.666666666666668,24.99999999999999,26.545835,4.6,8.790563
2024-10-19,24.0,20.0,14.0,880.0,47.0,98.0,4.0,11.0,12.0,18.666666666666668,21.99999999999999,27.260416,1.8000001,9.47012
2024-10-20,25.0,19.0,16.0,854.0,47.0,104.0,4.0,20.0,24.0,16.666666666666668,20.33333333333332,27.860418,0.0,7.9567327
2024-10-21,26.0,22.0,17.0,811.0,42.0,91.0,4.0,19.0,25.0,20.333333333333332,24.99999999999999,28.29583,0.2,7.6579366
2024-10-22,43.0,39.0,13.0,921.0,49.0,85.0,4.0,22.0,26.0,26.666666666666668,31.333333333333325,28.547915,0.2,7.748368
2024-10-23,31.0,27.0,12.931034482758621,634.0,46.333333333333336,101.0,2.0,39.0,43.0,29.333333333333332,33.33333333333332,28.570833,0.1,8.641874
2024-10-24,32.0,29.0,12.862068965517242,347.0,43.666666666666664,122.0,3.0,27.0,31.0,31.666666666666668,35.33333333333332,28.152084,0.2,10.096059
2024-10-25,49.0,41.0,12.793103448275861,60.0,41.0,100.0,2.0,29.0,32.0,32.333333333333336,37.33333333333332,28.374998,0.0,14.408997
2024-10-26,33.0,27.0,12.724137931034482,79.21818181818182,38.333333333333336,92.0,3.0,41.0,49.0,32.333333333333336,37.99999999999999,28.560417,0.0,13.672893
2024-10-27,45.0,41.0,12.655172413793103,98.43636363636364,35.66666666666667,122.0,3.0,27.0,33.0,36.333333333333336,42.33333333333332,28.616667,0.0,12.431733
2024-10-28,37.0,30.0,12.586206896551724,117.65454545454546,33.0,103.0,3.0,41.0,45.0,32.666666666666664,38.33333333333332,29.089586,2.1,8.936778
2024-10-29,39.0,33.0,12.517241379310345,136.87272727272727,30.333333333333336,153.0,4.0,30.0,37.0,34.666666666666664,40.33333333333332,28.6875,1.0,8.11798
2024-10-30,23.0,19.0,12.448275862068966,156.0909090909091,27.666666666666668,124.0,4.0,33.0,39.0,27.333333333333332,32.99999999999999,27.791664,9.3,12.241323
2024-10-31,28.0,23.0,12.379310344827585,175.3090909090909,25.000000000000004,126.0,2.0,19.0,23.0,25.0,29.99999999999999,26.337496,19.300001,12.016938
2024-11-01,18.0,15.0,12.310344827586206,194.52727272727273,22.333333333333336,114.0,2.0,23.0,28.0,19.0,22.99999999999999,26.389582,8.099999,11.988594
2024-11-02,24.0,20.0,12.241379310344827,213.74545454545455,19.666666666666668,118.25,2.0,15.0,18.0,19.333333333333332,23.333333333333325,25.610418,5.9,10.172787
2024-11-03,24.0,17.0,12.172413793103448,232.96363636363637,17.000000000000004,122.5,3.0,20.0,24.0,17.333333333333332,21.99999999999999,26.354166,17.6,9.901636
2024-11-04,16.0,15.0,12.10344827586207,252.1818181818182,14.333333333333336,126.75,3.0,17.0,24.0,17.333333333333332,21.33333333333332,25.96875,17.4,7.0038276
2024-11-05,27.0,24.0,12.03448275862069,271.4,11.666666666666671,131.0,3.0,15.0,16.0,18.666666666666668,22.333333333333325,26.383331,7.7999997,14.241629
2024-11-06,30.0,24.0,11.96551724137931,290.6181818181818,9.000000000000007,114.0,4.0,24.0,27.0,21.0,24.333333333333325,25.750002,6.6,10.316686
2024-11-07,14.0,12.0,11.89655172413793,309.8363636363636,6.333333333333336,172.0,3.0,24.0,30.0,20.0,23.666666666666657,25.254168,10.1,9.7565975
2024-11-08,27.0,21.0,11.827586206896552,329.05454545454546,3.6666666666666714,118.0,4.0,12.0,14.0,19.0,23.666666666666657,26.450003,7.3999996,17.229301
2024-11-09,35.0,31.0,11.758620689655173,348.27272727272725,1.0,113.95652173913044,2.0,21.0,27.0,21.333333333333332,25.333333333333325,25.856247,34.600002,9.568824
2024-11-10,13.0,10.0,11.689655172413794,367.4909090909091,2.0,109.91304347826087,4.0,31.0,35.0,20.666666666666668,24.99999999999999,26.389582,2.6999998,10.472535
2024-11-11,22.0,18.0,11.620689655172413,386.7090909090909,3.0,105.86956521739131,4.0,10.0,13.0,19.666666666666668,23.333333333333325,25.677086,24.100002,13.154786
2024-11-12,17.0,15.0,11.551724137931034,405.92727272727274,2.3333333333333335,101.82608695652173,3.95,18.0,22.0,14.333333333333334,17.33333333333332,26.122917,24.7,7.7734165
2024-11-13,30.0,23.0,11.482758620689655,425.1454545454545,1.6666666666666667,97.78260869565217,3.9,15.0,17.0,18.666666666666668,22.99999999999999,26.393751,6.2000003,10.285232
2024-11-14,26.0,23.0,11.413793103448276,444.3636363636364,1.0,93.73913043478261,3.85,23.0,30.0,20.333333333333332,24.333333333333325,26.345833,12.900002,12.662843
2024-11-15,32.0,26.0,11.344827586206897,463.58181818181816,3.257142857142857,89.69565217391305,3.8,23.0,26.0,24.0,29.333333333333325,26.635416,5.8999996,10.819482
2024-11-16,20.0,17.0,11.275862068965518,482.79999999999995,5.514285714285714,85.65217391304347,3.75,26.0,32.0,22.0,25.99999999999999,26.077082,22.399998,13.369771
2024-11-17,13.0,10.0,11.206896551724139,502.0181818181818,7.771428571428571,81.6086956521739,3.7,17.0,20.0,17.666666666666668,21.666666666666657,25.868752,25.199999,12.96125
2024-11-18,13.0,10.0,11.137931034482758,521.2363636363636,10.028571428571428,77.56521739130434,3.65,10.0,13.0,12.333333333333334,15.333333333333321,25.535418,11.500001,12.261157
2024-11-19,21.0,18.0,11.068965517241379,540.4545454545455,12.285714285714285,73.52173913043478,3.6,10.0,13.0,12.666666666666666,15.666666666666655,25.72917,6.8999996,12.475961
2024-11-20,18.0,15.0,11.0,559.6727272727272,14.542857142857143,69.47826086956522,3.55,18.0,21.0,14.333333333333334,17.33333333333332,26.13958,13.500001,10.385547
2024-11-21,19.0,16.0,10.931034482758621,578.8909090909091,16.799999999999997,65.43478260869566,3.5,15.0,18.0,16.333333333333332,19.33333333333332,26.087502,12.299999,9.7565975
2024-11-22,17.0,13.0,10.862068965517242,598.1090909090909,19.057142857142857,61.391304347826086,3.45,16.0,19.0,14.666666666666666,17.99999999999999,26.058329,28.0,11.500296
2024-11-23,21.0,18.0,10.793103448275861,617.3272727272727,21.314285714285713,57.34782608695652,3.4,13.0,17.0,15.666666666666666,18.99999999999999,25.433332,12.600001,8.709098
2024-11-24,31.0,27.0,10.724137931034482,636.5454545454545,23.57142857142857,53.30434782608695,3.35,18.0,21.0,19.333333333333332,22.99999999999999,26.206251,5.3999996,12.961249
2024-11-25,28.0,23.0,10.655172413793103,655.7636363636364,25.828571428571426,49.26086956521739,3.3,27.0,31.0,22.666666666666668,26.666666666666657,26.516668,16.8,10.239453
2024-11-26,22.0,18.0,10.586206896551724,674.9818181818182,28.085714285714285,45.21739130434783,3.25,23.0,28.0,22.666666666666668,26.99999999999999,26.27917,41.3,12.221456
2024-11-27,8.0,7.0,10.517241379310345,694.1999999999999,30.34285714285714,41.173913043478265,3.2,18.0,22.0,16.0,19.33333333333332,25.362501,32.999996,14.892213
2024-11-28,9.0,8.0,10.448275862068964,713.4181818181818,32.599999999999994,37.13043478260869,3.15,7.0,8.0,11.0,12.999999999999988,25.685417,35.200005,15.898188
2024-11-29,12.0,10.0,10.379310344827587,732.6363636363636,34.857142857142854,33.086956521739125,3.1,8.0,9.0,8.333333333333334,9.666666666666655,25.38125,2.8,9.636307
2024-11-30,27.0,23.0,10.310344827586206,751.8545454545455,37.114285714285714,29.043478260869563,3.05,10.0,12.0,13.666666666666666,15.999999999999988,27.379166,0.8000001,10.429132
2024-12-01,19.0,17.0,10.241379310344827,771.0727272727272,39.37142857142857,25.0,3.0,23.0,27.0,16.666666666666668,19.33333333333332,26.933334,5.7999997,12.98248
2024-12-02,22.0,18.0,10.172413793103448,790.290909090909,41.628571428571426,28.0,3.0,17.0,19.0,19.333333333333332,22.666666666666657,26.23333,21.900002,7.555712
2024-12-03,29.0,24.0,10.10344827586207,809.5090909090909,43.885714285714286,35.0,4.0,18.0,22.0,19.666666666666668,23.333333333333325,26.279165,8.3,9.505977
2024-12-04,34.0,27.0,10.03448275862069,828.7272727272727,46.14285714285714,33.0,5.0,24.0,29.0,23.0,28.333333333333325,26.731253,7.5,8.482947
2024-12-05,40.0,33.0,9.96551724137931,847.9454545454545,48.4,36.0,4.0,27.0,34.0,28.0,34.33333333333332,27.022917,0.0,11.799271
2024-12-06,38.0,28.0,9.89655172413793,867.1636363636363,50.65714285714285,83.0,3.0,33.0,40.0,29.333333333333332,37.33333333333332,27.622915,0.4,8.131936
2024-12-07,40.0,30.0,9.827586206896552,886.3818181818182,52.91428571428571,155.0,3.0,28.0,38.0,30.333333333333332,39.33333333333332,27.62708,0.0,11.019764
2024-12-08,34.0,27.0,9.758620689655173,905.5999999999999,55.17142857142857,141.0,2.0,30.0,40.0,28.333333333333332,37.33333333333332,28.329165,0.1,15.833861
2024-12-09,19.0,15.0,9.689655172413794,924.8181818181818,57.42857142857142,146.0,3.0,27.0,34.0,24.0,30.99999999999999,27.2125,2.8,15.035119
2024-12-10,20.0,17.0,9.620689655172413,944.0363636363636,59.68571428571428,151.0,3.0,15.0,19.0,19.666666666666668,24.333333333333325,27.164583,0.0,18.42166
2024-12-11,15.0,12.0,9.551724137931034,963.2545454545455,61.942857142857136,156.0,2.0,17.0,20.0,14.666666666666666,17.99999999999999,26.914583,13.8,16.29174
2024-12-12,11.0,9.0,9.482758620689655,982.4727272727272,64.19999999999999,161.0,2.0,12.0,15.0,12.666666666666666,15.333333333333321,26.910418,9.5,13.543131
2024-12-13,28.0,25.0,9.413793103448276,1001.690909090909,66.45714285714286,162.0,2.0,9.0,11.0,15.333333333333334,17.99999999999999,27.289587,0.3,10.009036
2024-12-14,23.0,21.0,9.344827586206897,1020.9090909090909,68.71428571428571,168.0,3.0,25.0,28.0,18.333333333333332,20.666666666666654,27.570831,9.0,11.545284
2024-12-15,27.0,22.0,9.275862068965516,1040.1272727272726,70.97142857142856,171.0,6.0,21.0,23.0,22.666666666666668,25.99999999999999,28.231247,0.1,8.936778
2024-12-16,31.0,25.0,9.206896551724139,1059.3454545454545,73.22857142857143,172.0,2.0,22.0,27.0,22.666666666666668,26.99999999999999,27.181253,23.300001,11.592894
2024-12-17,20.0,18.0,9.137931034482758,1078.5636363636363,75.48571428571428,180.0,3.0,25.0,31.0,21.666666666666668,25.99999999999999,26.335419,14.099999,14.689588
2024-12-18,9.0,9.0,9.068965517241379,1097.7818181818182,77.74285714285713,193.0,3.0,18.0,20.0,17.333333333333332,19.99999999999999,25.614584,32.4,12.461669
2024-12-19,7.0,6.0,9.0,1117.0,80.0,180.0,4.0,9.0,9.0,11.0,11.999999999999988,26.039581,15.599998,16.740967
2024-12-20,14.0,12.0,10.0,1171.0,79.0,184.0,3.3333333333333335,6.0,7.0,9.0,9.999999999999988,26.381247,13.299999,10.8672905
2024-12-21,19.0,17.0,10.0,1174.0,81.0,176.0,2.666666666666667,12.0,14.0,11.666666666666666,13.333333333333321,26.28125,11.700001,10.853866
2024-12-22,15.0,12.0,10.0,1174.0,81.0,146.75,2.0,17.0,19.0,13.666666666666666,15.999999999999988,26.295832,13.2,10.703569
2024-12-23,14.0,12.0,10.0,1174.0,81.0,117.5,3.0,12.0,15.0,13.666666666666666,15.999999999999988,25.666664,26.400003,9.781473
2024-12-24,28.0,24.0,10.0,1174.0,81.0,88.25,2.0,12.0,14.0,16.0,18.99999999999999,26.304163,14.1,8.714677
2024-12-25,13.0,10.0,10.0,1174.0,81.0,59.0,4.0,24.0,28.0,15.333333333333334,18.33333333333332,26.400003,3.1,9.914717
2024-12-26,22.0,18.0,10.0,1174.0,81.0,51.0,3.0,10.0,13.0,17.333333333333332,20.99999999999999,26.406248,4.9999995,8.281956
2024-12-27,38.0,31.0,10.0,1174.0,81.0,88.0,3.0,18.0,22.0,19.666666666666668,24.333333333333325,26.695831,12.600002,8.305396
2024-12-28,25.0,19.0,10.0,1174.0,81.0,88.0,4.0,31.0,38.0,22.666666666666668,28.333333333333325,26.820833,1.3,8.821836
2024-12-29,20.0,15.0,10.0,1174.0,81.0,88.0,3.0,19.0,25.0,21.666666666666668,27.666666666666657,26.108332,10.299999,11.190442
2024-12-30,10.0,8.0,10.0,1174.0,81.0,88.0,3.0,15.0,20.0,14.0,18.33333333333332,25.679167,20.3,10.172787
2024-12-31,21.0,16.0,10.0,1174.0,81.0,88.0,2.0,8.0,10.0,13.0,16.99999999999999,26.414583,7.6,11.9140415
